,LogPrice_clipped
0,0.2805800674275929
1,0.04422204910751226
2,0.1395833782697924
3,-0.007864944477312008
4,-0.11547251239408318
5,-0.0013741837318637096
6,0.06082814453025698
7,-0.0658442834304509
8,-0.04470903389944603
9,0.2918140137987866
10,0.1794301914426928
11,0.03268441658988941
12,-0.061745005573309086
13,0.1556683983454299
14,0.03631205548076899
15,-0.041814332052041436
16,0.11258670663305104
17,-0.0507091155028494
18,0.12860379365863395
19,-0.02266934366759976
20,-0.03097922735883074
21,-0.0545252413752948
22,-0.04331533384919162
23,-0.19434094641532695
24,-0.2224550087771071
25,-0.13827544135684278
26,-0.11126871600736443
27,-0.11256343132841273
28,-0.05561568502150216
29,-0.03394469992070981
30,0.06959737825361145
31,-0.06558310701801062
32,-0.0810893313119383
33,0.08305422973960397
34,-0.16686276795220145
35,0.2581250056087274
36,-0.06878255935809285
37,-0.00731748207170746
38,-0.00946016277807793
39,-0.07410022693205676
40,-0.17474536498797022
41,-0.16152423590873255
42,-0.1737537404705254
43,0.07521542450611562
44,0.0011477792616876314
45,-0.0481295264030539
46,0.09084442286914829
47,0.252773833948007
48,-0.01615515576443194
49,0.4366226596929703
50,0.08481871628301718
51,-0.09763605944340092
52,0.12979047203122107
53,0.18720200956807354
54,0.059097330103126566
55,0.02847569280399931
56,0.21871543407444527
57,0.0007397749607882531
58,0.030291145270696873
59,0.024120989243344937
60,0.03531028624888499
61,0.0740223470291852
62,-0.2050364748666258
63,0.026465304995516803
64,-0.0926722492724057
65,0.03713868836863732
66,0.12790794776399395
67,0.4461467490081965
68,-0.14053675148905498
69,-0.0727206833488907
70,-0.46308580558262236
71,-0.19299586747757758
72,-0.06292052305408902
73,0.39037008753293456
74,-0.08876753694862494
75,0.03297739395079269
76,0.03263802459922438
77,0.19153037655888028
78,0.1905844420477898
79,-0.1663233113988838
80,-0.09180588418462321
81,-0.3251569104465091
82,-0.31952278132246015
83,-0.158269144546491
84,0.05715697124917796
85,-0.0006349917418617679
86,-0.046041775843361776
87,-0.08260186325930974
88,-0.15330661120626488
89,0.18258670998593907
90,-0.12358052710811052
91,0.1087575752650558
92,0.036466694296199975
93,0.19120823915417517
94,-0.30151368963728054
95,0.22228514694707968
96,-0.00013568855814760639
97,0.025145544503272887
98,0.07480026871869683
99,-0.023782289492336517
100,-0.18604903555818986
101,-0.09270772276629025
102,-0.15619514588002126
103,0.35529722960801813
104,0.01627010004705376
105,-0.08165416551677929
106,0.16414136521163591
107,0.2683435134347594
108,-0.46574788804764466
109,0.31240873370629707
110,-0.17599614785513218
111,0.024616415936874247
112,-0.22205938108562684
113,-0.08098114116067201
114,0.18256117890060253
115,-0.014596843301456275
116,-0.14429288191430345
117,-0.11982997392289008
118,0.2035093466916429
119,-0.1687862473046966
120,-0.020534378246377827
121,0.09759296009970164
122,-0.019519738562902234
123,-0.11141145136040898
124,0.07389419304636391
125,1.0177599556604928
126,0.1860282033709133
127,-0.0028697312020771193
128,-0.06610548951521977
129,0.010075989289644482
130,-0.034506603017256054
131,-0.233127044958243
132,0.04649994884421105
133,-0.19986566105511194
134,-0.010422021394292713
135,-0.005671748450392755
136,0.038346011920337375
137,0.23952630775783668
138,0.06114475838766964
139,-0.20511180514175464
140,-0.38355281200813884
141,-0.10254246098810249
142,0.011410006559875896
143,-0.09281531201443194
144,-0.16137645435435566
145,0.07949458340045545
146,0.08610926242247174
147,-0.04635591473120293
148,0.044260058895977394
149,-0.23865913867946098
150,-0.11214732576724273
151,-0.2415299507207216
152,0.03788501614372741
153,-0.00959592165182066
154,0.013913760880951642
155,-0.2041222527225397
156,0.5245998129730403
157,0.03032423205997148
158,-0.172802042300237
159,-0.0024968399893747772
160,0.1181544351022783
161,0.0033775673312224086
162,0.8237249088347056
163,0.44309517419858757
164,-0.09817344589246169
165,0.21722134922346292
166,0.1293886981732566
167,-0.029127879872724804
168,0.1430650872508359
169,-0.07393833505437186
170,-0.345705337807388
171,-0.20939379103836409
172,-0.07359057240579503
173,-0.008106802235529287
174,0.2285352476310969
175,-0.006296062051456275
176,-0.0540398919364069
177,-0.06277118825675565
178,-0.21658079442130074
179,0.06242810076938099
180,-0.16470438720802427
181,-0.10107239225477294
182,-0.15596297107909685
183,0.45290467912951016
184,-0.0028917127241463447
185,0.07905688460140858
186,0.21765716812091007
187,-0.21085405548705083
188,0.025714559566493378
189,-0.015796176219383895
190,-0.06684237984717889
191,-0.0430860022794608
192,-0.08712175322376936
193,0.1831798900432844
194,0.07038702627511739
195,-0.20557382973635718
196,-0.14612245008408564
197,0.2860942825709891
198,0.08238199105320554
199,0.11268953531432402
200,-0.18118497709195047
201,0.10359053040255617
202,0.09103769544844909
203,0.23223975943255049
204,0.09327996917814652
205,-0.09504987579241053
206,-0.029451053639606428
207,-0.18698320149445102
208,-0.1548082508548596
209,-0.04903727491681131
210,-0.01983206204808674
211,0.038524241905705026
212,-0.10466224473282892
213,-0.1421523837495755
214,-0.1600841264794095
215,0.07415305155709184
216,-0.16037611273370622
217,-0.12702898124506667
218,0.07970023632053902
219,0.08854717996963046
220,0.06015378103322888
221,-0.06294004602061065
222,0.2746540768911867
223,-0.3073499323561606
224,0.19023968196033536
225,-0.1178492512255307
226,0.046496101539760915
227,0.18370275785669854
228,0.06576436279197573
229,-0.16177731501250214
230,-0.15263156429215563
231,0.06842037202464013
232,0.33244221923728823
233,0.09886265562034424
234,-0.07023709877092621
235,-0.1435509436674245
236,-0.14731774667410136
237,0.06521124314628679
238,0.01617719337133039
239,-0.08157130961437176
240,-0.054331616084025924
241,0.016475106944158213
242,0.015686252905938503
243,-0.19876309781959556
244,0.054951474425973146
245,-0.2758922882575092
246,-0.027200382252887678
247,-0.10073016667247714
248,-0.011918236188627418
249,-0.06392518368828881
250,0.09456779357310374
251,-0.15087577375254568
252,0.10280848119982089
253,-0.13364308362909227
254,-0.003165543144818983
255,-0.029708595250506065
256,0.21174576881052332
257,-0.037550312383029194
258,-0.030150831296918312
259,0.05418794913999925
260,0.24728737025238345
261,-0.018790761030222924
262,-0.10723644834149937
263,-0.031240286412998586
264,0.10380954186533131
265,-0.049679394338769
266,-0.08555643012773828
267,-0.014770762032094709
268,0.022075338375087128
269,0.2582258038712979
270,0.013428926247383899
271,-0.14209561628930345
272,0.0003782696047007761
273,-0.09789664679242449
274,-0.032566686294233094
275,-0.060087470784710106
276,0.17998802651239032
277,0.04595565120469125
278,0.08106933139885442
279,0.08539503104196022
280,-0.255283711440347
281,-0.1352917126465094
282,-0.04309659285180345
283,0.10323504666175154
284,0.13541470394837063
285,0.1057301154143282
286,-0.206313545683793
287,0.10159114492609689
288,0.11555299800713748
289,-0.028597303132958274
290,0.09147205518634571
291,0.12749113444893467
292,0.21702155635883003
293,0.03683759376195539
294,0.14773707846636164
295,0.12181538621600119
296,-0.004034084881862299
297,-0.015903892990570156
298,0.02147953801884306
299,0.15642458335798004
300,0.056139026181133644
301,-0.1976947805095879
302,0.14477556182520424
303,0.04667629667881279
304,-0.09963664160748564
305,0.029157291154389142
306,0.1409020767112441
307,0.16455484298565715
308,0.17541077974996888
309,0.19744080620175097
310,-0.17123683427445258
311,0.02036959068219879
312,0.03179608172641224
313,-0.1441992301206252
314,0.08969503185952021
315,0.045725291122543865
316,-0.008213661065910927
317,0.08499118322304078
318,0.19309075544242482
319,-0.1143873638986257
320,-0.06966774881680848
321,0.12851723124118308
322,-0.1363074017907202
323,0.06029833512151761
324,-0.0805842736648259
325,-0.13227407864964924
326,0.14660374768550533
327,-0.03635779248318194
328,-0.08335596234882914
329,-0.10267351463648211
330,-0.0549968352294119
331,0.08689948022638205
332,0.06739581105485826
333,-0.24925439339648037
334,-0.203600770066922
335,0.06928721569192753
336,0.024804201628013445
337,-0.19974048257619792
338,-0.17342894326454683
339,0.21731910274554878
340,-0.05146074167536874
341,0.008883186500698415
342,0.13253766695640756
343,0.03372853515525698
344,0.41615420468864883
345,-0.32829515437368606
346,-0.2539644081911696
347,-0.049305573816926795
348,0.5433413861225436
349,0.11337525171600937
350,0.05031212939181806
351,0.09915904063950443
352,0.0026481113735297157
353,0.4771912482177907
354,0.058537646611286576
355,0.037517207048136214
356,-0.031168848530443327
357,-0.017618005644461476
358,-0.19332060038778387
359,-0.21367791937514902
360,-0.0004854042849196105
361,0.03595123178277326
362,0.1602912801666072
363,-0.2772054358185567
364,-0.10320549538039181
365,-0.18252289748651407
366,-0.04638407374570974
367,0.03175154203587205
368,-0.15972133444765468
369,0.07800605862644616
370,-0.1068769370176419
371,-0.033206921723321514
372,-0.0710590112866818
373,0.10737952755023628
374,0.05827204062143032
375,-0.06974527980039724
376,-0.08648795472190862
377,-0.06842905761818052
378,-0.008926478954421668
379,-0.08224681249466848
380,-0.12045223998695853
381,-0.026847433846391766
382,0.4322907886036571
383,0.20572584158883522
384,-0.13513574811712914
385,-0.044885938580485174
386,0.016113103250622984
387,-0.15558442713141218
388,-0.10793623492252458
389,-0.11241475450707661
390,0.5706461953561845
391,-0.05776401864812186
392,0.19665257002242242
393,0.2543243498651542
394,-0.030196432083501534
395,0.12913723695820245
396,0.19626671020698794
397,0.03164698857937509
398,0.02237131977237894
399,-0.20438161957477874
400,-0.15984436528069246
401,0.20772028565402145
402,-0.029221563284508534
403,0.03301839084127778
404,0.019229527400476343
405,-0.09509366615373871
406,0.18199341126433488
407,0.2952266037714608
408,0.7905274533576563
409,-0.13691305252215535
410,0.37769990843957224
411,-0.07129505135111636
412,-0.30037913696302354
413,-0.011346292422640403
414,-0.21394002826358616
415,0.0042374603699339985
416,0.010978383098565914
417,0.017452942382879755
418,-0.19915202850879155
419,0.13593287398204978
420,-0.0687039229187878
421,-0.01602656549678194
422,0.048544968117576914
423,-0.27815250395192237
424,-0.0826931615722124
425,-0.036454804565639876
426,-0.028365491887752725
427,-0.01995995704409559
428,0.012068985012803068
429,0.2588392777727879
430,0.19305134366635102
431,0.14038271604349184
432,-0.02387320162550921
433,-0.32208757765945784
434,0.10529721996944374
435,0.06811248676901549
436,0.04391869677463056
437,0.2320886001487441
438,-0.39896908437125234
439,0.024321371449966378
440,0.016138510708961107
441,-0.13205714987734218
442,0.0036049562613165165
443,-0.15857989908010417
444,0.039754963339168725
445,0.028441442940772887
446,-0.1267216226848582
447,0.07695969493723176
448,0.02540415561519005
449,0.055017943338583564
450,-0.11380106689552427
451,-0.07939701753529071
452,0.0102862806833528
453,-0.14532954401240694
454,0.19458616449072075
455,0.001251058560963969
456,-0.2530040116082226
457,-0.3054335401206476
458,0.07843825276226113
459,-0.09749540507528387
460,0.0030225814883344526
461,0.05183752445168466
462,-0.07016393618333261
463,-0.544798662027997
464,0.06976967467262263
465,0.05354363205058199
466,-0.11310545908357739
467,0.30864583676255464
468,-0.12281445577888306
469,0.06486892012987155
470,-0.12900260412172493
471,-0.20161743465324733
472,-0.1365698896511507
473,0.055235398125004664
474,-0.2562568571161705
475,-0.14360790106033328
476,0.20873199009026067
477,-0.18151784321631403
478,-0.026284017760701772
479,0.08594607161449908
480,-0.3214667544885348
481,0.08067166027811012
482,0.19558686333065722
483,0.04510705887313726
484,0.045322665251282146
485,0.0883464187905929
486,1.9160641818061208e-05
487,0.2551172050927324
488,-0.15822779619293925
489,-0.13515441306216758
490,-0.029998102781430447
491,-0.22350625524050294
492,-0.10662903887143038
493,0.18085427215781813
494,-0.09014275733706434
495,-0.1510531601386642
496,0.14488930633750563
497,0.21593535039740352
498,-0.12203678462309497
499,0.19120823915417517
500,-0.013118085463686313
501,-0.17187683694567646
502,0.13310563109024898
503,0.035155802990210816
504,0.0049575558102219475
505,-0.0337441354962742
506,-0.09729416846085037
507,-0.08406382520978006
508,0.677016204720422
509,-0.03417865476824211
510,-0.07736480815285951
511,-0.08411231709128764
512,0.058653559991368454
513,-0.21955625695811065
514,0.20126973812974214
515,0.062126249132196776
516,-0.08880264413604877
517,-0.11596992255324601
518,-0.07854025296605549
519,0.08541693379960691
520,-0.2740345930960135
521,-0.0605799085278278
522,0.25519486407523573
523,0.07959489192812796
524,-0.05333823548362737
525,-0.02567990111977103
526,-0.23254928609894954
527,-0.264611497584621
528,0.20724834299324435
529,-0.05874808183142122
530,0.14469128928577923
531,0.04815118729110601
532,0.04800330924443941
533,-0.04579028472260305
534,0.24348513794272897
535,-0.028084583215852277
536,0.17501708538199345
537,0.05806977075897812
538,0.11302414421854046
539,0.12433746486133579
540,-0.015616473759704874
541,-0.16707030990643368
542,-0.07530583163860705
543,-0.016868769328327815
544,-0.24831327616903387
545,-0.11382633549982124
546,0.02266267183981263
547,0.07366240117865352
548,-0.06825394326665446
549,-0.009362783923908324
550,0.08681053625187474
551,0.06922687123251414
552,-0.10960266543846764
553,-0.03661101537383438
554,-0.10044712563520086
555,0.24729901949547006
556,-0.18735612036223337
557,0.1262029283862347
558,-0.03492757458532836
559,-0.035643439881202
560,-0.010020720542682326
561,0.1661345528649658
562,0.624316789197696
563,0.13685663532364956
564,-0.025051732680951844
565,-0.1425406288498401
566,-0.14826867738227278
567,0.08895579479349003
568,0.2078120687213918
569,-0.19683689614301336
570,-0.09809554078475102
571,0.243508346538313
572,0.030474446762102758
573,-0.12997368871893045
574,-0.18545618886227366
575,0.040683390610434245
576,-0.2021049060059923
577,-0.03408525780054461
578,0.04546855574215236
579,0.0659738333739206
580,0.22600955407236256
581,0.003056607326653804
582,0.050396559732121204
583,0.047020948397394235
584,-0.0071910490965994
585,0.151562804151828
586,-0.09595816068089924
587,-0.03619883204649099
588,0.11923115966697573
589,-0.02521504451035561
590,-0.09467341747688884
591,-0.05294555131991885
592,-0.04165147594784102
593,-0.11845935773998484
594,-0.10126592748977359
595,0.05644142911480188
596,-0.19288798341873203
597,0.18316884992622917
598,-0.015569851038424787
599,-0.13951659173798525
600,-0.0005070844097083693
601,0.07938547025038822
602,-0.017787384204840606
603,-0.061245320327065755
604,-0.16556035649233714
605,0.052973555806158146
606,-0.08590111366601505
607,-0.02815541126119747
608,-0.12596976473285437
609,0.02362578818906158
610,-0.423943583985368
611,0.18704227639218907
612,0.09730284089642716
613,-0.172277181196403
614,-0.2120999155747345
615,0.05342953480750978
616,-0.05653531239833676
617,0.31112316173981824
618,-0.04670192941142126
619,0.07518498231393878
620,-0.041633394020436754
621,-0.14614443435937474
622,0.04804678045978861
623,-0.21032369495784664
624,-0.033593902318779456
625,-0.20927336852970946
626,0.08382061334419788
627,0.14730759600882948
628,-0.037564122585010296
629,-0.26020237314030936
630,-0.08345231894953997
631,0.045895060868980764
632,-0.03137947337178559
633,-0.08389218139320853
634,0.10458911488485789
635,0.13419329152164927
636,0.10209221349796849
637,-0.2645760012963816
638,0.25573255225804914
639,-0.32002923495513436
640,-0.09834443190881004
641,0.1401807274469924
642,0.28916687063730073
643,-0.29965347939946696
644,0.14159532358067928
645,0.005877291646408267
646,0.07757788155480405
647,-0.0016360670607067362
648,0.02093801195209366
649,-0.10419738871926576
650,0.03178780144976301
651,-0.12645378543804497
652,0.21277643730835472
653,0.39117090803191346
654,-0.1979046372853972
655,0.014360003271049138
656,0.1983285007310709
657,-0.08976214219513068
658,0.22026479863740533
659,-0.008990007974215786
660,0.09542838477228521
661,0.08348766338821001
662,0.0030218811067914686
663,0.1516489432779231
664,-0.07866080185591073
665,-0.06473714626946148
666,-0.16518822147320122
667,0.20609013684566158
668,-0.09898994568470876
669,0.055262083963583564
670,-0.4163840464906414
671,-0.04938059839205167
672,0.07322448782480073
673,0.3116794543080488
674,-0.1372673370826334
675,-0.32367334577337914
676,-0.005338082999333693
677,-0.05786809208960264
678,-0.06031901123146177
679,-0.13462447910091058
680,-0.13596061193422493
681,-0.056310940882424276
682,0.03283166400412085
683,-0.2528783975021067
684,0.04749422192590025
685,-0.2851960320007425
686,-0.061648205439494674
687,0.08504446098554297
688,0.054420210452798656
689,0.0005091995523116566
690,0.06472094347545188
691,0.05534235312143032
692,-0.12491391872971924
693,0.010121587323640213
694,-0.22987570072359098
695,-0.06675875964376488
696,-0.10932975908789722
697,-0.06814695616261268
698,0.034912149439064066
699,0.11101212933528792
700,0.4331485513406843
701,0.050414744190032224
702,0.10131900024741647
703,-0.07742388343752893
704,0.1845266940632495
705,-0.13143427216985337
706,-0.13134595235936608
707,0.10989802973455376
708,0.018323063846160892
709,-0.055774064512368327
710,0.056104755819637475
711,0.02013720230901761
712,0.11049382336909908
713,-0.05554352814864849
714,0.18006795165916323
715,-0.010669621096463189
716,-0.010183235600530693
717,0.030338394435611704
718,-0.043861437541387716
719,0.01502447416529229
720,0.08967413495852661
721,-0.08624768469657695
722,0.071308403439037
723,0.021442777153030335
724,-0.11142167573756545
725,0.07773394045235271
726,0.0009296196595780515
727,-0.06183697444326519
728,0.11326422354074239
729,0.03375340269065674
730,-0.10145061618049134
731,0.016221606010187628
732,-0.08015406980771367
733,-0.10114225566122137
734,0.0739228600645152
735,0.05839049362676718
736,-0.11245270037871435
737,-0.09672412261322805
738,-0.011092429061822173
739,-0.029546527118823107
740,0.023744477240194684
741,0.10662703521407835
742,-0.07096436658976835
743,0.07557965919164289
744,0.1364195567572306
745,-0.02721679789895326
746,0.1454356913711976
747,0.0943244982224467
748,-0.029339400396548143
749,-0.03605387355039724
750,0.04548053006018904
751,0.09618107606393878
752,0.1335249870497499
753,-0.025526311915838207
754,0.0055288701490194825
755,0.19468318203326795
756,-0.08342781109104536
757,-0.025775360279059356
758,-0.03345610207680849
759,0.08052488264632451
760,0.08655995408709494
761,0.13160827206153236
762,0.18577076707692264
763,-0.10509326912455386
764,0.2896385956245737
765,0.1441946639243863
766,-0.20208878509842165
767,0.1307403207743647
768,-0.1273807101571247
769,-0.008906689758482855
770,-0.1116907840350958
771,-0.03918304719518062
772,0.19627204182882707
773,0.1539714560394465
774,0.054550210962501566
775,-0.12527461813906093
776,-0.014490996392321875
777,0.0673619304150943
778,-0.08978213735188234
779,-0.06331454263728986
780,-0.1117569202446198
781,-0.1580542646511507
782,-0.09400364267155936
783,-0.16210444323246342
784,0.2058656075787848
785,-0.014301192966732046
786,-0.13662951998472295
787,0.1675259766525823
788,0.18320580256452956
789,0.1228396561827747
790,0.24187442635961354
791,-0.3179413617480691
792,-0.07993388363954068
793,0.00833728994745897
794,0.032916912771360884
795,0.1058833577838918
796,-0.06634551441080383
797,0.19706350893611102
798,0.08280976308439136
799,-0.01857672914345443
800,-0.16485483529371514
801,0.0017921551079176368
802,-0.13391872214296718
803,-0.10479448631616961
804,0.04018029345431806
805,-0.02465855752752688
806,0.022294480528012528
807,-0.05348190186549928
808,-0.029747648217306022
809,-0.03208715499405024
810,0.10074031666994898
811,-0.0017407061626126819
812,-0.0037667229373834488
813,-0.060380937736150386
814,0.10144310888140673
815,-0.003075000398620631
816,0.00013413861263167348
817,0.05845966504962696
818,-0.22431595484709455
819,-0.030976546006362682
820,0.10175482619381526
821,-0.05208640167030687
822,-0.1183339468886313
823,-0.2036924363815995
824,0.17491792420848107
825,-0.05193872163548896
826,-0.0065164428014146125
827,-0.08767637431356512
828,-0.06494490353844817
829,-0.2631695391704252
830,0.06932458056369306
831,0.06947672557137174
832,0.2042408614386524
833,-0.23073473209359996
834,0.51130804818869
835,0.09803483016939651
836,0.27654878851145526
837,0.10238547304249757
838,-0.009379229293983826
839,-0.003122111708709241
840,0.09193957875204539
841,-0.201439921578066
842,-0.015332222607241874
843,-0.21692318009994516
844,0.12274541643365211
845,0.004538702011689821
846,0.09151386621760338
847,0.0581748098162258
848,0.1070826139817509
849,-0.1825027032554587
850,-0.2204552925533907
851,-0.015574539679166222
852,-0.052365710626752104
853,-0.06988851945874686
854,-0.06621257329314822
855,-0.2720767981977481
856,-0.00037995648981237196
857,0.24598611263726156
858,0.1388226952204299
859,-0.09945947968938462
860,-0.1313245417311606
861,0.013249677084377964
862,0.14509609547318192
863,0.08579927818219879
864,0.0051581755016556485
865,-0.3473197547245679
866,-0.05353114759313726
867,-0.00876997598981255
868,-0.04022715235899099
869,-0.02381071269247137
870,-0.09815247009139227
871,-0.06874084702059413
872,0.44645955418397776
873,0.12749450708220422
874,0.2156758087342343
875,-0.020017890706585106
876,0.03754589983134338
877,-0.11189365154150543
878,-0.21489843056997593
879,0.012832002661600228
880,0.053623144667199085
881,0.1408520091839094
882,-0.002981501931184738
883,0.06641162465048289
884,0.04028167986535536
885,-0.06417136260780687
886,0.07103725434885888
887,0.30286704081490434
888,0.19860247830237654
889,0.12931628349240398
890,0.061020453683024556
891,-0.1569098554714632
892,-0.09966279852399929
893,0.45611396077413957
894,-0.18610544696439568
895,0.14514171693262945
896,-0.09924671130705676
897,-0.00847143632659808
898,-0.15785666974863943
899,-0.0051132660562007715
900,-0.1435283293700369
901,0.004108404965419865
902,0.09497185360105576
903,0.00017248997207097716
904,-0.022836381279319085
905,-0.15175129004287058
906,0.05514758912445927
907,0.002291381903658518
908,-0.10937508202458979
909,0.0941720755614206
910,-0.14082605683782212
911,-0.11552092191018737
912,-0.24051469276056636
913,0.23184555280856678
914,-0.14816985560228702
915,-0.18992004740418622
916,0.15523371880708048
917,0.0709072540079898
918,-0.04734814784353425
919,-0.08081381253636799
920,0.08312662259207038
921,0.006334475865324762
922,0.028127367083577326
923,0.07997800299936664
924,0.05035365960101856
925,-0.1397584353639516
926,0.0005676602533668529
927,0.19949103972457927
928,-0.03873812710705238
929,0.12014756196468213
930,-0.06789667956058842
931,0.0078111188138692
932,-0.012993876954118022
933,0.11763216492602702
934,-0.1755355920457653
935,0.09922935363169749
936,-0.02872887170753735
937,-0.26516216403205384
938,0.04858368986699979
939,0.10187727117604695
940,-0.14777556690823168
941,-0.02880737735253014
942,0.1626712083774109
943,-0.05618081044873513
944,0.24691288762821806
945,-0.006931057893249104
946,-0.4017070070931883
947,-0.2394215099948518
948,-0.22696285684051887
949,-0.16312156037777115
950,-0.025580762883846475
951,0.42405834808989695
952,0.16987320907564651
953,0.06734630771306804
954,0.1205108616330044
955,-0.12082612421197148
956,0.03560326438718242
957,-0.12236751782549504
958,0.10567391202495813
959,0.08875861409445207
960,1.8213397206557342
961,-0.05902525540628112
962,-0.05223645825678069
963,-0.02595208592862619
964,0.051151543087474494
965,-0.059913974019353944
966,-0.11081007977242052
967,-0.048821707659094216
968,0.0014903715691101382
969,0.1228632052297538
970,0.2381185757597084
971,-0.004616615318791872
972,-0.07861193999604055
973,-0.07004430181402554
974,-0.2694753709923461
975,-0.09135862942971862
976,-0.16695233663670983
977,0.0555765852042871
978,0.08023343233050895
979,0.10737041071346098
980,0.06176693918503773
981,-0.36109356758181477
982,-0.1343677480367873
983,0.08297999811873602
984,0.09899427100804914
985,-0.021310666595976357
986,-0.14110166162089932
987,0.026908535746271056
988,-0.011630880616493755
989,-0.09346571209174037
990,0.20961030019376636
991,0.0405057968203657
992,-0.05699512151908337
993,0.02291866304026513
994,-0.023447923445683472
995,0.14289826000325867
996,0.07422450611328912
997,0.07988928716600796
998,-0.14654687108995645
999,0.03833624656918566
1000,-0.03694242103655121
1001,0.1631771511710003
1002,-0.03300750834817201
1003,-0.0038811638553521988
1004,0.13435159419828402
1005,-0.06293601380393987
1006,0.1392972261221228
1007,0.16451739678101873
1008,0.1506700245263719
1009,-0.04129259873809943
1010,0.030737313732341676
1011,0.10592276631991027
1012,0.04783820074022671
1013,-0.13807190043801576
1014,0.23811021283138167
1015,-0.051391744675942874
1016,-0.06246525151544624
1017,-0.008142192654815972
1018,0.08227962153142876
1019,-0.11215337441763218
1020,-0.008175257755773657
1021,0.006264779625150041
1022,-0.17095120238930228
1023,0.46576335095486066
1024,-0.013966406969746714
1025,-0.12644694316366234
1026,-0.013426251611763362
1027,0.016445832161840812
1028,-0.024823202981686165
1029,-0.00731933696145326
1030,0.007953028061235656
1031,-0.17150814819008353
1032,0.08583351648374382
1033,-0.13093377668301365
1034,-0.07903550657498215
1035,-0.25189343123101793
1036,-0.23967915267850692
1037,-0.035666822454158975
1038,0.012163875362016796
1039,-0.010008975958141875
1040,0.24306997703276245
1041,0.23883892512439786
1042,-0.2089790003495171
1043,0.12014112239858754
1044,0.037977900811680954
1045,0.017925751625286424
1046,0.07921864842225901
1047,-0.049593645669528286
1048,-0.13172566700675326
1049,0.2160641923863924
1050,-0.07327911228710171
1051,0.14897098590143187
1052,-0.5186437669884398
1053,0.060533271153003554
1054,-0.08539856059426576
1055,-0.2902072635822144
1056,-0.025483644472805267
1057,0.23291001313655713
1058,-0.1650537232450997
1059,0.14662657066948626
1060,-0.1399375801174223
1061,0.058893916865923046
1062,-0.05090979621246028
1063,0.06624048172469976
1064,-0.12116255766422412
1065,-0.06760289556402554
1066,0.20111426876117378
1067,0.04607097982614583
1068,-0.07465691179430145
1069,0.07390745806096888
1070,0.028741585650452706
1071,-0.06089783112108371
1072,0.03246012828958378
1073,-0.08832567848765827
1074,-0.04265863740422837
1075,-0.028940991084025924
1076,-0.28071819682893384
1077,0.0277353079832956
1078,-0.1212086703589037
1079,0.12589019827401948
1080,-0.21532017094904
1081,0.008463654952221233
1082,-0.15138365049855018
1083,0.01582165161359228
1084,-0.1207505792676482
1085,-0.087365214546816
1086,0.01957531372296728
1087,-0.02311249333194887
1088,-0.08773346209746435
1089,0.3861614709239287
1090,0.06570657617024622
1091,0.012055490074368791
1092,0.09929480215402364
1093,0.2261339349070859
1094,-0.07805573846978398
1095,0.06602825021980685
1096,0.12633872509007027
1097,0.021419662280965923
1098,-0.15025508783293517
1099,-0.009421405400329874
1100,-0.02418943997659362
1101,0.19663757376230073
1102,0.020124088029389142
1103,-0.03342792181205212
1104,-0.01635068519670746
1105,-0.18870223023787602
1106,0.1327776039979831
1107,-0.12276492646571846
1108,-0.026438876722245652
1109,-0.13681948962423363
1110,-0.039612443110801365
1111,0.10519502401076863
1112,-0.18795397002635106
1113,0.10272904376273573
1114,-0.22476200102223487
1115,0.1834583868987032
1116,-0.025347715523668768
1117,-0.08690213820643145
1118,-0.06198524951930473
1119,0.009811001512886719
1120,0.06567628698720185
1121,0.14527192890909113
1122,-0.0802398929202468
1123,0.04025271801403463
1124,-0.043627459146090786
1125,0.10716386606114803
1126,-0.007926912328370506
1127,-0.03444575502418701
1128,-0.18464158567654465
1129,-0.010341494234065607
1130,-0.13375534596220184
1131,0.18448004058933698
1132,0.08756940269528357
1133,0.06989926131852542
1134,-0.058270694950483204
1135,0.2931567840717513
1136,-0.45096900702590226
1137,0.033527481349674204
1138,0.03583926718291863
1139,-0.08592625103416118
1140,-0.059806631529083276
1141,-0.12737817476048896
1142,0.015483099844082915
1143,-0.016828995977677508
1144,0.020551588544611477
1145,0.0582830499464837
1146,-0.06458561812568142
1147,-0.0507242520763338
1148,0.0608306806687029
1149,-0.00881129431065375
1150,0.07025818102748538
1151,0.0027934568670335835
1152,-0.12165409428888374
1153,0.13301271000981885
1154,-0.08545909301771104
1155,-0.10781211648656353
1156,-0.014914012162250856
1157,0.13985416268773854
1158,-0.34323254255914293
1159,0.31764489110796923
1160,-0.01036933196326828
1161,-0.16499400326844693
1162,-0.15324088605723318
1163,-0.1770317413795084
1164,-0.23130772727093607
1165,0.07708339788930019
1166,-0.31380229580446795
1167,0.09963974946468213
1168,0.08392777874935042
1169,-0.03612518707811496
1170,0.14049542888255218
1171,-0.014172843772739085
1172,0.2177425808585003
1173,0.0008021848943773335
1174,-0.07281914188335747
1175,0.15315342710471924
1176,-0.1399266633619991
1177,0.0833529810059126
1178,0.1092304240698887
1179,-0.023889401947538857
1180,0.21747475279762263
1181,-0.034508090230291444
1182,-0.05687362921926109
1183,-0.12119395019630552
1184,-0.00885150152129377
1185,-0.1398130613309565
1186,-0.04731530692175845
1187,-0.12801017147572935
1188,-0.06983985706185791
1189,0.11337618664061822
1190,0.01789443718698891
1191,-0.21311871716907937
1192,0.5853752929089691
1193,0.02575295037554426
1194,-0.055594299480622666
1195,0.04209419763608757
1196,-0.044284196348305827
1197,-0.22867459169806992
1198,-0.32343847141583204
1199,-0.050403906507250795
1200,0.16075259336052383
1201,0.12524535702246986
1202,0.2082141268174773
1203,0.11404907124167174
1204,-0.018126905515668312
1205,0.04117268602068869
1206,0.028345604620316323
1207,0.09116786616033501
1208,0.09371722767782664
1209,-0.1935635671181153
1210,0.06530096373100847
1211,-0.2848442764516044
1212,0.030470783690413228
1213,-0.051103679428269544
1214,-0.027724136885776574
1215,-0.13867580143339353
1216,-0.18578432610219586
1217,-0.021565653335553492
1218,0.023313826240212165
1219,0.020393353819750715
1220,0.10256063168442964
1221,-0.18708745637793456
1222,0.10283130494477177
1223,-0.2261613404560716
1224,-0.11671556299435437
1225,-0.06588169739395333
1226,-0.10610476254552381
1227,-0.16854317093106808
1228,0.1188265894174787
1229,0.08871540152543211
1230,0.06806379845037114
1231,0.08102680955739139
1232,0.1379471366759475
1233,-0.008924140454828589
1234,-0.138646341812116
1235,-0.176451045388216
1236,-0.012739010462800238
1237,0.06413313801616738
1238,0.012564360565535893
1239,0.022582747073892406
1240,0.06335857721138538
1241,0.13198203918313212
1242,0.06218729787649835
1243,0.20162330011040908
1244,-0.006587483042356013
1245,0.16923054194122678
1246,-0.14007712649936366
1247,-0.23431449004921312
1248,0.003440678913859685
1249,-0.3844779937256675
1250,0.009319929628256673
1251,-0.10183724022771479
1252,0.10086006024804028
1253,0.045826322074905335
1254,-0.2524707319557411
1255,0.094739058462455
1256,0.22501325598258326
1257,-0.1194672479121035
1258,0.05554358351803401
1259,0.011157818493938265
1260,-0.19683442707450283
1261,0.18613411902262555
1262,-0.04356419717596438
1263,-0.14372093865477886
1264,0.02124194363440779
1265,-0.031896697076211566
1266,0.05417119434441631
1267,-0.24416306559711387
1268,-0.012178642049759603
1269,-0.23090405798459024
1270,0.5599438137686565
1271,0.11497803392611416
1272,0.18377460102262866
1273,-0.07144519763518176
1274,-0.11041070062696079
1275,0.08535386929230349
1276,0.2582899955910012
1277,-0.23953516833011967
1278,0.10227611871529163
1279,0.01785150839486782
1280,-0.007168682468586596
1281,0.09175429759248566
1282,0.0209072054482764
1283,0.023963289282693978
1284,0.050212805311730335
1285,0.17016405519844646
1286,0.07305346644520405
1287,-0.08101464349805454
1288,0.07392769469215388
1289,0.021206265922561585
1290,0.17164241054889295
1291,-0.030760128885159332
1292,0.5078515785435727
1293,-0.009871663008913956
1294,-0.039737447870944465
1295,0.09996518467268167
1296,-0.036844507101170265
1297,0.005024063380924204
1298,-0.07501739175133793
1299,-0.04926380145553999
1300,0.030588472658241272
1301,0.5883418488207894
1302,-0.14458881520988065
1303,-0.006548723922890076
1304,-0.09209618875898684
1305,0.01847558515777692
1306,0.1322917917560371
1307,-0.06981047679500207
1308,-0.10026806985216652
1309,0.7022256630162289
1310,0.07494413945990352
1311,0.01586574213689751
1312,-0.0775038160044268
1313,0.12170674119801639
1314,0.05078809166012732
1315,-0.13810293607152424
1316,-0.05529097576851427
1317,-0.2925540004552012
1318,0.15487580262950473
1319,0.02048547133476042
1320,0.171643370856005
1321,-0.044975240697654684
1322,-0.07657135112160951
1323,-0.07599023048159559
1324,-0.10152618148846493
1325,-0.07145430635792849
1326,-0.022201448621709474
1327,0.2238659153561322
1328,-0.26747506082852723
1329,-0.04494733010607277
1330,-0.0725687869727647
1331,0.24457504588158763
1332,0.08877951680819152
1333,-0.01106189274669589
1334,0.18238131015489678
1335,-0.0884111287436884
1336,0.04074713524106066
1337,0.03490322860368167
1338,0.02843089092998774
1339,-0.06178124558352849
1340,-0.0320470972467195
1341,0.011911125406696144
1342,0.028979354911378152
1343,0.17759330175664267
1344,0.07703563712544614
1345,0.13091176269431948
1346,-0.16555150674185093
1347,-0.09923594908840627
1348,0.06082814453025698
1349,0.24738599464086164
1350,0.07885561031182498
1351,-0.10335970321252042
1352,0.07557589529840847
1353,-0.04252797312556922
1354,-0.10912499765066386
1355,0.0031158090556147044
1356,-0.008243423656534077
1357,-0.3140980878276771
1358,-0.11895581564061608
1359,0.22468210779311804
1360,-0.4038312555983481
1361,-0.07525403091044858
1362,-0.026437409546108626
1363,-0.13192993112051177
1364,0.13016333242746114
1365,0.021175028794027995
1366,0.1369626298863924
1367,0.02267022631389004
1368,-0.051422291337427595
1369,-0.5589565329492192
1370,-0.1360875082570967
1371,-0.06320219916934278
1372,-0.00228604849859515
1373,0.07879989372995766
1374,0.43920444865579
1375,-0.04557262798127759
1376,-0.00019571925352224184
1377,0.3331967854811708
1378,0.16560628269960276
1379,-0.1402623567213741
1380,-0.08319509418155491
1381,-0.14392315318154836
1382,0.12054763255342316
1383,-0.14466507209035484
1384,0.15404825396868738
1385,0.06565005301325222
1386,-0.13315108143065935
1387,-0.2372673492629307
1388,0.06947975768043513
1389,-0.02339881179707426
1390,-0.016969541107695107
1391,-0.05329630519102224
1392,-0.04301936879095969
1393,0.03788037209606365
1394,0.5359334359628711
1395,-0.13817710267112737
1396,-0.09688119420534669
1397,-0.047636919078311024
1398,-0.13347178419415506
1399,-0.08902049252625943
1400,-0.17350870849708677
1401,-0.23801084958375007
1402,-0.09034664916664603
1403,-0.11731734282047412
1404,-0.06099642955101103
1405,-0.0614055266356619
1406,0.09792091580816376
1407,-0.025487673723555204
1408,-0.04768860793573282
1409,-0.03965155412788768
1410,-0.04255661524651977
1411,-0.17234806059254737
1412,-0.07501670748683509
1413,0.10032432753279608
1414,-0.06412963208951084
1415,0.23886055877891188
1416,-0.19493403421690303
1417,-0.11106379381840092
1418,-0.08162833853503315
1419,0.15160664057403928
1420,0.15165776007783727
1421,-0.20369206157528552
1422,-0.3389019055552325
1423,0.22541113643205613
1424,0.09840408937057887
1425,-0.2980347068678686
1426,0.09303869863839864
1427,0.25815237187959283
1428,0.39615693693622056
1429,0.31683843171177806
1430,0.08644300987615239
1431,-0.019748550609659077
1432,0.10022621764137263
1433,0.1927089160382902
1434,0.051668200944970266
1435,0.01593013764964013
1436,-0.1041987186054083
1437,-0.04237448885394812
1438,0.26554165898632043
1439,0.05872119496298289
1440,0.09345596062448891
1441,-0.1394643359207386
1442,-0.047103841771873434
1443,-0.03655178832680228
1444,-0.03223674899299134
1445,0.055045466652760666
1446,0.07011906750972408
1447,0.1495939029880322
1448,-0.07538196233939587
1449,0.3217382163038849
1450,-0.06307927776228794
1451,0.21818806980897776
1452,-0.005842137706068229
1453,-0.04956182168325718
1454,0.1464238757343317
1455,0.11425184847189662
1456,-0.2361986350369456
1457,0.31962531871456434
1458,-0.5871404211110107
1459,-0.006655535446327576
1460,-0.10045667649848866
1461,-0.0320323576903494
1462,-0.13374229623151201
1463,0.12057970184430822
1464,-0.022136709284163558
1465,-0.005779079985050117
1466,-0.004417728880454774
1467,-0.04798828517402853
1468,0.21181426548088567
1469,0.042421010508975954
1470,-0.06255689102120776
1471,-0.024348663501715606
1472,-0.38538481016651893
1473,0.017011781442901608
1474,0.18009567283770522
1475,0.011197510285738232
1476,0.018933464646552878
1477,-0.07373490130028593
1478,0.07847555229413672
1479,-0.000768965911992936
1480,0.0955392743429666
1481,0.12933318046184716
1482,0.07836413170967305
1483,0.048849694482356654
1484,0.06319137666389452
1485,0.21898381043893878
1486,-0.39723326272133974
1487,-0.25038652785477034
1488,0.3085979710201947
1489,0.09909633291437814
1490,-3.501447520193324e-05
1491,-0.2002413496057951
1492,-0.002409841956881209
1493,-0.011968928688997238
1494,0.016337736729948205
1495,0.023591429144584453
1496,0.1310846891770634
1497,-0.03585904701311371
1498,-0.07605293061846297
1499,-0.17476657865895362
1500,-0.3394786026237373
1501,-0.07053788864166499
1502,-0.1522891278408114
1503,-0.37179500449930813
1504,0.0525900930193508
1505,-0.05532236590970818
1506,-0.021940547341340988
1507,-0.0011883286916472002
1508,0.4990884244879972
1509,0.1301075719526139
1510,0.1767721314173354
1511,-0.07640562233368264
1512,0.011399212275451376
1513,0.16342558269112217
1514,-0.006025880425728047
1515,0.4699283159961247
1516,0.7093879067729283
1517,-0.14470064731477805
1518,0.4825753944615414
1519,0.043438064845767954
1520,-0.03840188512331544
1521,-0.06019712706105018
1522,0.12293483223400337
1523,-0.10540297500638474
1524,-0.16748167295948768
1525,-0.14795082972757712
1526,0.06341817234804026
1527,0.020969577241512383
1528,-0.18790780878446967
1529,0.055843902416253144
1530,-0.1516695708678757
1531,0.12450468633490352
1532,0.06281321601312939
1533,-0.014729837614916974
1534,0.20044723631809447
1535,-0.05917061787650191
1536,-0.05617768451254079
1537,-0.295883593131375
1538,-0.1276991651206476
1539,-0.12061785057398211
1540,0.02760176087130617
1541,-0.09938555129227034
1542,-0.2515041044872728
1543,-0.05754931068362268
1544,0.08435609669429489
1545,0.21060425562225937
1546,0.05818624262728456
1547,0.06831842443171432
1548,0.021205516319767526
1549,-0.10771334948751488
1550,0.10386039611216624
1551,-0.020109941324871983
1552,-0.07659698768839895
1553,-0.08682545520650997
1554,-0.06326608190065919
1555,-0.04955355439532738
1556,0.21185976402204254
1557,-0.16040117835940393
1558,-0.2951256919385905
1559,-0.06348169872198994
1560,-0.1446493742688375
1561,-0.23158726069731372
1562,-0.26009811532083305
1563,0.25918958455309316
1564,0.6930962372777429
1565,0.25100706231584446
1566,0.05959632962253991
1567,-0.06982642930314142
1568,-0.2048342451136076
1569,-0.047896536951130386
1570,-0.14229711221060093
1571,-0.2539191294529104
1572,0.06719404747380864
1573,-0.07935762801720792
1574,0.1179212725995864
1575,0.022593579050601775
1576,-0.2647781753386411
1577,-0.12743827375254568
1578,0.024975940068317826
1579,0.16882164148578305
1580,0.007954760869099076
1581,-0.08545751702139448
1582,-0.05853350257815393
1583,-0.03720035024250734
1584,-0.3179413617480691
1585,0.31112316173981824
1586,-0.11548622704412104
1587,-0.1557902664910351
1588,-0.1450281784140035
1589,-0.04308753503718776
1590,0.1922404990081965
1591,-0.1803791298980535
1592,-0.13428836725644544
1593,0.0037627742671428877
1594,0.2320886001487441
1595,0.09444586623287776
1596,-0.057569378146274275
1597,-0.10547380812820784
1598,0.07310805735811066
1599,-0.026051811057895335
1600,-0.05957039452458979
1601,0.15032022239553733
1602,0.14265848126453307
1603,0.08232497129020722
1604,0.1469902302648176
1605,0.05959632962253991
1606,0.07389941389828358
1607,-0.0046282500670944415
1608,0.1477321405216223
1609,-0.10786095096538872
1610,0.11987328333668046
1611,0.06885426757713198
1612,0.21505654141948938
1613,0.20038427900149536
1614,-0.15138154944329862
1615,-0.035621786179849124
1616,-0.10708719970802427
1617,0.03246679094537086
1618,-0.09316763092158986
1619,-0.01596471743333261
1620,0.22856019003751626
1621,-0.01550107301900816
1622,-0.09605875897911886
1623,0.0144366713083528
1624,-0.149373082794245
1625,-0.10172866194536567
1626,-0.015868464109555447
1627,-0.02433513542585075
1628,0.6164026039341977
1629,0.0024730222967210835
1630,0.18763206426309686
1631,-0.004067674342433492
1632,0.22131220175424282
1633,-0.09429255396401359
1634,0.1909177080113924
1635,-0.13401593823724944
1636,0.06671871641033356
1637,-0.14683078459793109
1638,-0.29794324061697175
1639,-0.15182331407645933
1640,0.09014547490693658
1641,0.0446988943847213
1642,-0.13201002386651872
1643,0.09541611937786953
1644,0.10267745879083101
1645,-0.02837182123242954
1646,0.01195813819554914
1647,-0.12759376629621144
1648,-0.14128377681499416
1649,0.004147627798392506
1650,-0.11841081432674727
1651,0.005750939543323952
1652,-0.019282856611487986
1653,-0.0362142769776419
1654,-0.10447051014016395
1655,0.13668546055158792
1656,0.2324969581215548
1657,-0.10190908718820424
1658,0.04668816698947431
1659,-0.10727961413090092
1660,-0.08653077692393829
1661,0.29768064753005596
1662,0.05710982600937875
1663,-0.06644102689065612
1664,0.03054516195505208
1665,0.29053444793906813
1666,0.015471679806429606
1667,-0.023456929213784505
1668,0.10496717979802739
1669,0.05132179869606013
1670,-0.15069435242299
1671,-0.4544878439054667
1672,-0.09272953378484061
1673,0.17617925510089094
1674,0.10388220878962429
1675,-0.0038612870805163624
1676,-0.04083103676801336
1677,-0.2201054117473582
1678,0.3019768101973579
1679,-0.09255038359964907
1680,0.04259175340350119
1681,0.17007935950751296
1682,-0.12141414450624843
1683,-0.18546231078773978
1684,-0.06228962438249219
1685,0.04499670220688223
1686,0.043915869126168516
1687,0.14458079327373774
1688,0.1856753495421497
1689,-0.00705368293019859
1690,-0.010329072810730366
1691,-0.021040830110267805
1692,-0.18571480263974927
1693,-0.13699127479777395
1694,0.27934088948507707
1695,0.535175252621638
1696,-0.1586566858873546
1697,0.0058772050553859145
1698,0.016923338324271953
1699,-0.04818132944281217
1700,0.014847249932545381
1701,-0.08344823897842524
1702,-0.09592817912664309
1703,0.03066008994687408
1704,-0.0674478848888338
1705,-0.061935996520443126
1706,-0.17380227070853316
1707,0.21590371063438063
1708,0.05775763132734468
1709,0.036170911091424784
1710,-0.04177591944883474
1711,0.05547238776499164
1712,-0.25245717142471236
1713,-0.12538285248123415
1714,0.17667451673468015
1715,-0.06771027798441409
1716,0.16854434919692984
1717,-0.12637829993095195
1718,-0.07054927196907634
1719,0.2114539657592882
1720,-0.2803600616313737
1721,-0.053324048932047674
1722,-0.002856094346217475
1723,0.08766583552434426
1724,-0.010281274549122088
1725,0.019873554686506978
1726,-0.33995856076358777
1727,0.23129193687497107
1728,0.0036479490545335835
1729,0.0022917984543937564
1730,0.014174210829574818
1731,0.2951199298109515
1732,0.07421408129797058
1733,0.02526088716135888
1734,0.0662200901486294
1735,0.0895870201616269
1736,-0.06069980195399971
1737,0.044753646428485894
1738,-0.10226350592586009
1739,-0.19006002338077366
1740,-0.1669433950459478
1741,-0.0751564607288131
1742,0.04336615503106955
1743,-0.17499124384306342
1744,-0.040332616028599944
1745,0.03522842275848248
1746,-0.03202090419031833
1747,-0.007957156283811884
1748,-0.00034095771520270546
1749,0.06067289714424717
1750,0.016962715309292165
1751,-0.031854455839773976
1752,-0.042048294053248725
1753,-0.047730963710005625
1754,-0.03885579576104092
1755,0.004027181996841378
1756,0.1371093671921404
1757,-0.02104617557612798
1758,-0.3150900789696216
1759,-0.038279347853057644
1760,0.04318074435690278
1761,-0.06521744720779665
1762,0.056773753624455026
1763,-0.0919776498083742
1764,0.16721488829966624
1765,-0.11256772345047494
1766,-0.044986593507118755
1767,-0.103916523940347
1768,0.16112012497726091
1769,0.08065320655492414
1770,0.09282546347162679
1771,-0.26483682862093616
1772,0.006746369594532453
1773,0.05741682167546003
1774,0.252795300242008
1775,-0.009163734459416872
1776,-0.10191659459597169
1777,-0.1955427005371746
1778,-0.015352898895335088
1779,-0.11811505599176364
1780,0.1486807479087613
1781,0.14816043168748827
1782,-0.14630464616226924
1783,0.0018224854212416375
1784,0.1493336481089571
1785,0.09724071545075574
1786,-0.03900886790303559
1787,-0.060503802047890076
1788,0.012585499148524804
1789,0.1156845054484279
1790,-0.0756624337402787
1791,0.2643757491339649
1792,-0.12352485313735428
1793,-0.07253817808086005
1794,0.4484687704009822
1795,0.08871802852679878
1796,-0.2675792288562633
1797,0.06285879374034664
1798,0.19664352165964516
1799,-0.17985803925969712
1800,-0.0388223966075838
1801,0.03839642714080682
1802,0.10374827374248774
1803,0.044850512822224076
1804,0.1433115935899938
1805,-0.11773734161171312
1806,-0.02128132678854122
1807,0.0584002037752267
1808,0.02550561293632292
1809,-0.2758887903885796
1810,0.04225161938122213
1811,0.14353841140127876
1812,0.09207448656146866
1813,-0.11529762070939142
1814,0.23305955943977885
1815,-0.3245014967672546
1816,-0.22937317195793483
1817,0.03469630218284614
1818,0.18661397216697573
1819,-0.31689173468206633
1820,-0.03476089759094059
1821,0.011850071129973827
1822,0.024389545626434028
1823,0.3309835659940834
1824,-0.24545166446190514
1825,-0.0002962347492161399
1826,0.00395913055625563
1827,0.10502589071466062
1828,-0.001300630442189643
1829,-0.021629726059448018
1830,0.15413293017306806
1831,0.13111346833174764
1832,-0.004694288189860174
1833,-0.038819678076237096
1834,0.18196358664572898
1835,0.0987067851222534
1836,-0.050145537007971086
1837,-0.127655249502709
1838,0.201263151425632
1839,-0.01975623128895343
1840,0.019827224037241464
1841,0.14215958250507477
1842,0.13132893395233758
1843,-0.012760031007118755
1844,-0.12896998594777997
1845,-0.030876119603904684
1846,-0.0256831506179509
1847,-0.010318392280563415
1848,0.05862914936667174
1849,-0.07397847186298101
1850,0.09043463798913898
1851,0.1711599809213631
1852,-0.20658456659696967
1853,-0.04809350637242993
1854,-0.23207336952578217
1855,0.19569635791726903
1856,-0.22299796981824294
1857,-0.06722734764429461
1858,-0.08699492749966709
1859,0.18250203241231588
1860,-0.09481747436195853
1861,0.06093465512192964
1862,0.056016679716938356
1863,-0.15391795989407164
1864,0.08573260481625233
1865,0.05571895102495539
1866,0.12187190934306891
1867,0.023690861350065262
1868,-0.021132324382966416
1869,-0.1316489045316107
1870,0.029051369608403377
1871,0.11645338105357439
1872,0.07079070518124908
1873,0.11448745406589467
1874,0.049380870323673776
1875,0.04242207859804026
1876,0.25775781943002407
1877,-0.02699755028101336
1878,-0.11593703289742052
1879,0.03944196940398648
1880,-0.13874049948671718
1881,0.00707075165904314
1882,0.033008593413397236
1883,0.01096834202347452
1884,-0.04608244932362027
1885,1.5129444756032164
1886,0.12619114683128174
1887,0.06796369319936879
1888,-0.030638499989912304
1889,0.18671624345106608
1890,0.2034965855879829
1891,-0.1654772035407781
1892,0.3123797638033974
1893,0.06466397617658792
1894,-0.13556772949318052
1895,-0.002612820588561604
1896,-0.06589899274603539
1897,-0.43581161520051204
1898,-0.01571278582782476
1899,-0.03581904603981201
1900,0.16852801699053188
1901,0.16362803002079573
1902,-0.0709432808838919
1903,-0.03053398900391535
1904,-0.0706217852175346
1905,-0.0782234852895698
1906,0.010438181096130705
1907,0.06838132331186664
1908,-0.03985840370546967
1909,0.11574447624141015
1910,0.035510705309155455
1911,0.10659415303866027
1912,-0.0696607504942044
1913,-0.05549357081602224
1914,-0.00831773711048811
1915,0.03618097875841464
1916,0.03589447859649475
1917,-0.03338818428103352
1918,-0.09961492599014399
1919,-0.14228430615505694
1920,-0.3096264158887134
1921,-0.3942221983704801
1922,-0.018400849022288668
1923,-0.11220696632143934
1924,0.1007128154008452
1925,-0.08207933981976012
1926,-0.0326607331897506
1927,0.035290031857005744
1928,-0.1710615428564406
1929,0.07476517684908401
1930,0.061070413665490264
1931,0.008219311345904146
1932,-0.35055857618634256
1933,-0.0056019759085135234
1934,-0.1715911549746867
1935,0.09725868985698938
1936,-0.1220759357958432
1937,0.09990840414995539
1938,-0.02982555766877759
1939,-0.19994668373150937
1940,-0.09756033353246174
1941,-0.08134251448267094
1942,0.001768021528059549
1943,-0.06063080231248996
1944,-0.018292968601683057
1945,0.19548610921027532
1946,-0.0355731472593348
1947,-0.3485458308199796
1948,0.3218894691329943
1949,-0.17795571479426542
1950,-0.026967264663678492
1951,-0.0336960211973345
1952,0.4947289917802635
1953,-0.021466495731733204
1954,0.03711507046973672
1955,0.010941101655861374
1956,0.017196360400969724
1957,-0.065449561236397
1958,-0.15900473663124437
1959,-0.028320141299795765
1960,0.12688604020170757
1961,-0.11259054275653035
1962,0.06738055805387866
1963,0.3869199422649938
1964,-0.4636359186408683
1965,-0.06622633502018083
1966,0.2169942993860854
1967,0.11598356890081263
1968,0.02660657569554914
1969,-0.17246982669542454
1970,-0.1153645420294449
1971,-0.10419101617319981
1972,0.043350041727185484
1973,0.12627646078574095
1974,-0.025561164259697122
1975,0.04247634636667641
1976,0.053160404684307494
1977,-0.07106580974799037
1978,0.06125100981975251
1979,-0.05674494335089619
1980,0.10233649776508003
1981,-0.09154222801538836
1982,-0.013476695443033648
1983,-0.09912637124550905
1984,-0.23051884304529224
1985,0.1325303050540665
1986,-0.03679535342674889
1987,0.03937216272824706
1988,0.020941483778793568
1989,0.006487644682801275
1990,0.06336348538858516
1991,0.31766094064949435
1992,0.00017513730877105615
1993,0.12355082003363194
1994,-0.3516156794264731
1995,0.11221770977753565
1996,-0.14610442210750207
1997,0.1520728997398475
1998,-0.20589786870294624
1999,-0.07934980207685349
2000,0.058780777248111704
2001,0.036679918353108576
2002,-0.2843170084861786
2003,-0.15386616993644076
2004,0.013277498383397202
2005,0.11042585844212205
2006,0.02776302763584404
2007,0.04059853537619773
2008,0.14925386914323546
2009,0.1325104620849782
2010,0.31167351123223064
2011,0.07126356569064285
2012,0.14767377281247107
2013,-0.004502454484645924
2014,0.05214745863944792
2015,-0.023332642288846017
2016,-0.04079062872601824
2017,-0.33794161225359964
2018,-0.027920385024701844
2019,-0.005492117347506209
2020,0.04727620164568869
2021,0.0931975767892439
2022,-0.044822664281495506
2023,0.1484709836859981
2024,0.04305834230782146
2025,0.14503191991741282
2026,-0.1609469571178508
2027,0.22793234014131158
2028,-0.14431860082961734
2029,-0.26328742502704294
2030,-0.25775921307021754
2031,-0.11713223738305345
2032,-0.1433877335365512
2033,0.15684871771351894
2034,-0.18774477956496227
2035,-0.1461823416662842
2036,-0.06464798609709455
2037,-0.11203805854570703
2038,-0.10090645409490229
2039,-0.024295036359813338
2040,0.15248649794295233
2041,0.015161729528887946
2042,0.19957386803436883
2043,0.05839165820041181
2044,-0.045423449038796804
2045,-0.27041275848977797
2046,-0.1055337432441732
2047,0.08970279137705006
2048,0.08138013097375563
2049,-0.20262682985164915
2050,0.11421960895213523
