Id,0
109,-41827.90746770971
544,-2178.129249538528
153,-29757.771581797977
318,26902.85325058698
255,-1176.8007592018985
138,-18072.910572689376
2827,-3070.036777716159
145,7972.481435699854
1942,6848.334129364943
1956,-58640.268589063984
1044,-8043.622822354053
2752,772.4866424585052
807,55.89173552393913
1177,-482.8185253095289
1480,-5242.896671733091
324,-7820.248128909821
1311,7800.989147509637
770,6201.061050872493
2063,-3850.8514016060217
69,17728.866387878108
2062,6346.280019536687
351,18837.17598944888
2393,15822.034536965482
12,-1374.8638750567334
2339,2125.2575576228264
624,4396.888119869662
86,-2658.0748840563174
1534,13838.405818694097
2243,15016.677141296648
1957,2354.7687084976933
380,-1902.7964019817882
2860,42601.61336735767
2517,14966.17892130473
1933,2937.053496915687
820,9582.526143919444
675,-15671.334614572508
2910,-2059.8511986564845
21,-17790.3228917018
1873,18159.131487402978
2125,-9168.944157800288
1489,-2940.638386909588
2383,31123.041009131237
983,-1784.6928671107453
1325,-10846.530598931597
1378,951.2516204734857
1537,46833.60527119442
905,-21232.085537794774
1532,1328.591353360127
132,5290.440890892438
1078,-10946.275636788603
2511,-14903.106137992407
912,153.87789742441964
2351,-44940.509009983274
330,-17734.50518415832
2586,4588.842485622066
224,10922.176309441536
98,-5471.6383440370555
2565,841.9766923435673
1934,-766.8937126719102
997,-9349.436263836076
64,-13979.211629583035
1799,-32464.594636404654
230,22594.25636287438
1295,14658.08485146152
638,9652.390062918363
2278,11350.882857700199
2202,-376.8752156679111
2833,-20897.159637561825
1707,-1008.606643938343
2428,9087.604772833758
242,65454.74731501911
1564,11480.796547569043
2613,9100.42860248161
2832,-6528.241470193141
2459,2014.3897995220905
1360,8826.705954849152
2723,22429.41958274551
1350,-664.9732260753808
136,2131.4089326147805
2235,4716.6057053387485
1993,10695.922149914448
367,72911.11943786585
1309,10977.260008821147
402,6569.175252623565
1592,-521.9293222279812
2409,32574.721254911274
539,2857.9165415761527
1940,-3164.194513573835
588,19861.37941846359
96,-5768.538477183378
1187,5633.84979805653
2154,-19810.2111864264
550,8180.711451293377
811,1572.3633111799427
124,23318.020317615796
1836,-26999.332270505663
779,-299.12878639029805
1886,4773.3482656542765
1724,-8177.973368514096
2450,43284.3542479318
1013,-931.4400854521082
2084,-3863.528823023109
1184,-8056.718045427813
728,-3085.856719825111
950,1368.2365934349946
2524,-9420.311362879584
2513,-13728.99211915757
2028,-25084.194984164787
2309,14855.937924254016
51,12375.375694702787
699,20107.61784022773
1881,7782.983563446614
1345,14423.86617558761
166,16317.236433480633
781,13891.196689707998
379,11182.759549715847
2818,2101.7311457995966
1168,13626.60168658971
1396,1737.3449786868587
838,25318.04122166778
1492,-13928.647302880388
637,-3574.1713256654766
1826,5639.583255327554
173,7510.710346909953
715,-4374.532467704688
1183,-115336.47383700823
2433,-15598.779769971326
2866,-4744.600618830213
2311,-3890.9877786149736
1551,-2032.2784877060767
1049,16887.872919272748
657,5833.744220130058
414,6101.673690425756
1181,34815.84814588376
1514,2428.2603741227504
1040,6423.194757871795
216,-1779.8068591776682
1720,-11149.801647696557
2331,28838.44112994027
204,15906.643571968976
19,31376.14833513317
2438,17466.319278820505
89,-23731.17711991485
240,-11336.14348712904
105,-1726.4759632195928
2020,-5147.256831062143
888,15155.734366934921
1019,-8391.53297200601
2132,-7542.723919555836
203,22358.949037162107
420,-5180.829760544759
2333,101187.19420126016
632,1387.8721556929231
2800,-5113.740114507556
1885,-5082.551287690425
1734,-2062.546853051026
2327,-38491.90028475426
1282,-14244.545961858268
2688,12698.041474554848
2581,-2056.655453937856
2067,-40895.06618347502
2115,-12496.155142035946
754,2321.0652042038273
1079,-23787.386906631058
2615,4961.68242937827
329,872.5056672759674
1320,-5234.4199694672425
416,13452.032250910095
284,-1569.0444025330944
1385,7321.790730416658
275,47198.194085398136
2024,29104.97618843097
68,11381.02868120835
1910,-9073.08635347904
381,-7174.329911075649
1323,-8294.485032409226
2432,-7032.082733486372
777,13101.24657967624
1107,20172.057012247154
30,-423.11036247049924
282,5273.8344586575695
188,2152.479927634733
2356,6819.079080138792
1554,-19260.320450643856
1464,21417.956161330192
2469,-17159.2566990481
1834,-23496.15633936756
1779,24173.5463702892
2569,-9710.872807636799
2334,7669.811534479435
2330,13920.697921496583
2119,-11716.622760082828
988,-10812.322489796905
382,-6785.092832980648
670,5830.53960412569
2760,-3836.5170678752474
543,33146.24168652916
2835,-2039.0547778962355
1735,-12355.96502094192
448,-45637.76644484699
2287,7612.834182282473
524,-41992.82292730332
1767,-3228.404605812364
2206,-11033.937153629493
1740,-1794.4151823549182
199,8274.42192012092
2214,6721.382769374439
323,25074.266710067837
2421,26712.17976115315
952,-14554.928502674098
24,-3006.6407920519414
1139,-1518.269917970756
518,11047.494760050526
1390,-3104.3066470275808
277,658.3801554743259
54,9668.811706993758
649,2571.1567251665692
2600,850.9102736527129
617,-7522.562673057051
2209,385.5146439625969
2814,7229.399011193658
2542,824.9763708909741
2323,-25056.93990749115
1393,43619.93820562374
490,-1912.736507048976
542,-753.1567190246424
973,-12145.305377434212
1012,-8867.35738145461
2218,847.0205813515058
2033,7915.820355993055
1071,38542.805151273555
1583,-24398.33862927035
2858,-30606.886872413306
2265,-19831.769214873377
1088,-2256.3407643063692
698,7929.690937804728
1896,-9794.403217775718
628,-9984.46468191914
1212,-7394.878317700175
2864,27783.5171925014
2740,-6758.954755155952
2560,-22371.60692631695
1716,-2743.6941642060992
1130,22285.70634702241
201,3337.538519771362
2886,14539.815169196227
2328,6463.980812360649
2583,3091.1088896420843
1206,-3299.5598161049274
2242,8796.414417994398
1105,-25575.676356216485
121,16788.229476467415
1223,4987.348388380749
265,22217.836828886037
2813,611.5327234762954
1294,-10085.513831750868
2745,-2493.1019049193274
1094,10356.400707672554
651,-2694.50764275252
198,4172.9163585210335
131,11231.861816515615
1258,-3834.5012342642294
1599,7399.491355478094
1508,-9837.09957131854
615,-5884.222109608716
1815,-8274.118430642498
2712,6487.27871199252
2051,14485.063049684439
1863,-23484.53180801621
2510,-8872.809503110155
1069,17643.571634008607
336,5694.2153745794785
2417,-2642.1333209984878
1962,-6063.894916551886
372,-352.39296272819047
2578,-7203.813029169076
2824,-15168.762065743213
471,-2307.965954567044
1544,-5561.50362713862
2141,-4191.383071793869
2008,36522.18761587457
1075,34901.18502527103
34,15839.668156981992
847,6875.068312435469
1629,-5283.894460382027
2073,3688.6164584693033
960,22570.154078765016
955,-26936.04606237181
2476,-8294.737605068774
1590,6209.335708187922
2913,-4763.028700052033
149,-4000.902969459552
2525,-23377.98573255661
1470,8543.977132089261
412,-4478.755927300037
1399,-7211.686720302649
183,-6528.9397023825
974,1259.0124028081336
930,4196.427917230438
881,-426.5483797302295
1180,-7949.8517210812715
1553,13493.666004925646
928,3952.745564658544
1512,-10832.901560119266
3,39000.803102476144
2140,-621.6729043296073
553,10159.336014053319
2594,-12175.266526750172
1314,-1795.9388695503876
366,-12943.549990447093
1462,13889.579939350428
2541,11600.022506436624
2088,4014.7300933739753
527,22834.927075347543
1824,-456.1148008915188
2918,4324.013287328242
49,22576.199036449543
2332,-10609.113982040784
826,-50170.825167667004
1108,12366.015469424892
2041,6269.0802230468835
57,-8937.51165044168
520,21483.65119897126
2305,-516.6711919273366
2533,13060.360161506396
2852,3917.5493611263228
1198,-8261.378852896509
1681,-2770.027191458983
1773,100368.24905054871
1825,-1005.0598298001278
2208,-734.0002040166582
1646,-32211.099030735437
1060,-56499.38497338025
748,21361.395916112728
2846,29639.68303438743
493,5242.559433607297
694,3594.8205075018777
2283,-20523.704875753843
1800,-11904.4341872136
1632,994.6061383808556
2624,11308.935497967817
2197,-1806.951290384226
1045,1145.844696102169
2549,15628.26827306996
2829,-12084.777729440859
2480,56008.6991075961
2724,1576.0209215278737
2352,20923.70544285592
1783,-113286.1916366618
338,3146.9028057457763
196,-8261.918246411427
762,-10820.83261134717
151,3226.396522318377
158,-40597.05459492869
2572,-4430.852000355953
1686,-9543.795225910202
943,21652.51874235818
735,716.0182803663192
2741,-1611.598164319439
1106,4587.986069813836
2375,-10854.656714319368
1701,1226.7024794759927
2657,-4875.217938023765
907,42483.51329526496
1777,3560.3085900073347
164,60504.018440754124
1973,9340.120340837646
2857,9472.776395834386
1208,5655.491578264511
319,14221.227435444278
2567,16683.97967919582
2222,31535.13243761126
2493,10046.463063980147
1757,800.913076925819
184,-11183.575112775434
1248,16658.065593471052
2574,6712.917121553444
1215,7712.704193610116
1614,-48061.38245966844
2039,6151.056169872842
2669,2511.132809494433
1005,4361.472156998003
753,-36911.42180277608
1275,-15389.668081241689
2350,3082.8377752012457
2762,-7772.955779369717
2788,-3529.2895485873305
2384,37904.90540691308
2716,-4591.674916028976
313,19244.932773842185
84,-17790.81832024014
81,4433.840794415184
2389,-35445.946816177864
280,-33273.101379206724
190,-2880.205749322122
2371,-8672.719207871603
213,-6885.966591737189
1864,1257.7550173421623
37,16871.098405943543
146,25237.219105161756
809,10655.061401143146
767,201.7251668403478
262,1024.2382609785127
101,11960.611200013227
48,-7325.4330590408645
489,9138.056105795898
2369,-8092.254003333452
707,-6036.883466670886
1556,-27995.806250587368
2034,4930.112914597528
308,-22850.098721606148
2176,-7867.219331796776
1549,18339.497301186566
909,-20247.509405113233
892,14707.789615584596
2045,-15242.648310615274
2927,-516.4256594712497
1732,-331.37337060671416
998,-1105.9895730463613
2203,5538.063024505915
356,3794.2138513924438
2475,-5023.605833699723
2264,-7099.182622258464
2201,6588.7830663615605
2545,-5415.394965321408
2660,8116.003697738139
2882,24840.977048421846
1379,10581.019312979653
491,3948.4832750843198
1002,-29172.750375682575
1848,-11184.246416629816
1455,-12388.87701245863
908,2501.8031474148156
1490,38537.86518366993
1465,4162.187885508349
1627,-1645.6996650626825
2849,9079.383274604057
1501,4180.836702812245
626,20558.583596995886
722,799.4815653909172
2260,13941.485462326411
1639,-6971.9992023563245
1603,-2352.5346697078203
1520,-1858.4239764133235
1665,-773.6017729257292
2635,10713.848682936776
581,4049.763221851317
2435,-10767.930470739782
2799,-2668.0694828172564
883,-842.4512773027818
2537,6297.2407223362825
1120,23084.33615761911
774,13181.010274861444
1447,3369.990230199299
104,-2371.141900039569
2694,-7217.051574551166
920,30463.581753735984
1951,14872.37761731766
9,6058.7050982600485
2848,-2100.8488874500035
614,5112.20619965253
1736,-11814.615772174788
2686,12698.848092641769
2257,115867.88669259715
1284,17697.689934903232
1765,13314.671896581072
1811,10285.02465452702
2603,-40184.64136077158
2220,8182.151272785442
2273,-17239.53873562481
163,-7010.391412212746
2116,4539.73457295564
2734,25449.342980065747
426,-9133.061194202804
2216,13905.462704362464
2900,-1790.421610990772
97,1234.2792443217477
1680,1853.6210439167044
1133,-4148.592000778823
2761,-15601.689237789105
1642,72910.5892799095
1141,-15903.673330119578
2118,-39736.657129292376
870,-17495.528971274005
1875,-6805.593735083938
155,4750.931552830996
1318,-10079.041726643598
1285,-7687.766712185054
2400,163.1350091904169
1068,64881.70293833042
361,13721.852024708263
1493,-1830.8931820265134
1110,-8745.275815246743
911,-13651.656924722018
2535,6985.645979039837
2030,33284.302939197936
2634,-280.71405971539207
1530,-8983.938477668242
435,39602.9567202701
812,1964.1498301151296
1202,5588.782190722239
666,-437.60637515434064
1751,-17194.205849075777
705,7874.559975653625
1744,-22966.158300819603
357,2555.1310064479185
2133,8130.961992535769
989,7505.213113229489
562,-47090.52183058897
1054,14031.673455949465
2850,-11832.17952021258
1082,1246.9243573159329
1440,-792.6037790404225
2006,21801.194231877467
2082,-4627.287155415397
2344,6138.950285028579
248,16573.838234114577
2276,16426.24232477689
755,10779.385863459582
1178,30381.890891302028
2636,4396.37317279214
2077,18707.408303054894
2930,-38362.94970868714
737,5957.357987090785
837,-2725.4130881693272
2086,-15414.738200693158
2385,-8147.276393224427
189,19979.57798126462
635,-27290.171229329804
432,10017.991061061563
900,-8411.486030476124
966,9625.034860740794
1612,-16272.595061898173
904,-6482.623793261693
2487,-17202.104277993
1304,4839.257580749429
2112,-21944.923259427596
1244,-4291.113800261926
843,759.9705674637516
2689,-18317.452815561846
2753,-7091.092053028144
1169,49024.222889778204
1376,2231.84746141528
2503,5251.83742248395
1987,5473.694523205922
1190,9174.649069032108
1930,-1412.4492300152342
2677,-3577.918278857076
1256,4947.288483414042
2484,4414.424807053423
1253,-1691.3154095711216
1337,-2626.6418970589148
1788,18928.09594877297
141,6885.502693979986
1669,12218.571398749293
1366,-6554.9525070369855
52,14365.820783523406
1380,-6492.365142451206
919,-11400.538298741798
2804,18190.80839945379
782,8090.189214522805
956,-23042.78860480711
187,-15119.505046249571
2074,-4012.4671802002995
1039,21595.232669818273
1210,6087.057235618355
2710,-11818.87580604662
44,988.5686385786685
1026,-3077.972389440518
1343,5347.228560408432
2248,-724.953863444156
1849,-1016.3555472420703
2076,-7404.635901320988
2641,1711.5023625625763
5,12014.660622297466
878,2888.062217818806
1548,-2946.004802427444
841,-5364.495061523194
1621,-3217.9617929297965
218,6587.472507262079
1504,4359.861966510158
946,5560.904878666093
455,-9317.43308388401
2906,2227.8618383279245
2878,-7377.261322616367
1173,9728.954383907752
985,4876.245476953132
975,14914.025003463103
202,4959.277480294666
528,7267.547163160285
2579,591.9601802393736
1841,10587.624328715436
591,11708.86162259939
1897,-2619.7196105219773
70,5667.002837070962
590,-13023.651682653377
1172,68632.26064550766
1714,-23005.762035555323
829,1009.850531315431
1397,23398.857450027688
877,3920.03005850318
2477,4028.969193355064
2871,-7504.233255789935
2489,3392.24676695565
1655,11281.028981737822
1891,-4686.869891034148
1419,363.8217999342596
1473,-3033.802372351056
2868,-21280.00088918046
1695,1747.5947460119496
2244,20524.85630273301
169,-6961.004880032269
2670,7398.830858767782
247,-24282.383257771842
2137,17731.58206302731
1794,-6368.990015035553
1498,26196.216359161772
1164,-19090.41373792349
1179,-2916.426447493781
1340,-8857.067181580613
436,-31205.94286393386
1636,11335.134838816884
421,-39930.327624017606
457,64224.10195966234
2834,1111.4169691689895
517,23506.296359004773
1566,-775.349856561952
1439,-7423.164420736604
2577,921.1769577185041
2241,17827.88465807232
71,9950.771265129704
1143,-15717.479868695431
1021,-16971.812950707914
1416,7260.073606982522
35,8231.658595997491
2904,8102.235306128525
2174,6808.977903482373
522,28567.960082353267
2211,3836.307783832308
1539,59955.05022548433
2420,17085.037017393886
2779,-26270.078760012053
953,-2619.347808713719
658,16239.796880106354
714,-11690.10238590432
1637,-32574.040714548435
538,-26179.374644393538
546,-4637.979487211385
533,3134.31750235043
718,3904.766424233647
1830,-3426.9188571502746
2929,3500.4341335137433
2207,-4023.877124368257
1417,-6017.303107180807
2787,15305.552557398769
1037,3931.104282654109
2659,6011.1947572178615
1567,13428.713583631412
1225,-11776.669086884605
685,3536.1574234104337
1358,3680.0873994204157
1461,3510.7337964334292
221,15174.551866394191
2187,-3472.869665228616
2504,-1996.9283161994535
855,4603.427397724532
2258,-6101.890110862703
2205,-11471.262793067493
1158,20103.94504745002
1741,-8458.101139775012
2735,12989.893282843841
1888,2782.1871098397532
2121,-3796.838377761902
1176,-30068.0309992299
2773,8218.897168123047
2619,-1934.9434930718853
1796,13135.182941536681
1598,-3426.172185323114
1965,4657.321024932666
2651,2931.737609496966
609,13446.054268471256
1990,-1837.530637021322
1053,-72629.26175764448
2877,4351.016007864251
497,-9151.41855576844
514,15908.698762559157
759,11055.76385150668
2474,-9597.13440838561
1193,3878.60422862196
1415,-20226.20349451927
2048,-12311.578836138156
2483,3641.7819699402608
2883,20812.061695982222
1111,5531.594588799606
2072,-247.06892602675362
1450,-13105.083025035594
274,15475.552612131927
413,12132.879648256348
751,100.67925160712912
2897,-9977.602001649328
207,-6334.784201586619
2269,-9359.059000688343
891,-26787.017863376386
2863,28619.014679660584
1298,-1497.3334054014267
1292,6531.288324279652
1687,47085.39676467469
2749,-2800.9389054923085
2875,9086.003771878764
1029,6055.309550829406
1581,-8538.735038168204
612,-12163.480140617175
139,3474.469785643625
1335,1877.9931239623693
2531,-6020.487150817877
681,6552.181832363654
1383,-6097.928512499289
1359,3717.4439991568215
1226,-14205.570083116123
63,-9335.774917282688
1869,-22248.05489707258
2468,-3749.3079315648647
1135,-7343.513687785453
719,-9366.913966930137
405,7154.28953553141
2506,-4083.816785685194
2380,11947.129436675517
1565,2889.2321460745297
1727,-6642.843255082291
1661,-21633.328358837316
1967,7076.091539405432
2267,3708.4551213810046
1389,2016.469937864691
2553,6988.731387310399
1459,-4714.7379648116475
1739,-11249.925067802542
172,11941.186012474558
788,17307.347680637948
1979,-699.2238851934817
1801,-15965.034941244754
931,-16612.144454441557
2471,-11770.009089286905
2899,4725.683498212427
2544,-12913.516872545035
1386,-16228.586616278393
315,-2117.5911890428397
1932,-11156.512928312615
1660,-5626.086458639242
2353,-6215.279011935985
2139,6459.012996475634
1585,-22185.90646341699
1602,-4720.256475527043
2888,-9320.795029922534
965,-29282.441072175774
645,5100.546363806265
789,-20762.446682629787
1015,-5081.724435660697
1264,1251.6960003108543
1972,9894.144164201469
1481,-3093.6989727867767
954,-12776.956894810894
2499,2016.4769977744145
824,-6942.921353255631
2769,8194.48200335211
123,-23261.843107981316
1862,829.8756142357888
1308,46052.36720731521
1758,6016.053016187943
2236,5211.702789860879
2912,-5595.675508028566
2093,23416.297775548417
2128,4128.111236889381
679,3372.7798527108534
1313,-13018.98035462905
2534,-4554.931053882086
1273,14623.515312957432
219,4138.4723833796015
133,-21413.672178671753
38,20284.044923821813
2408,-919.3862539122347
1575,10892.437470635457
1671,7971.8543094560155
2000,-1306.1551390764362
2621,37023.10252055865
1996,-6665.477470324229
1976,3935.0460088571126
1861,56405.05303802324
1600,-20397.58051437889
298,-12178.700037571572
875,-2246.312435232423
1205,-7806.906390461387
763,18359.159238775144
512,2902.2893038296897
592,21447.11978800496
1255,5209.419723627187
355,-1099.8930368236615
1676,7678.357257834476
2599,4490.57797113686
312,-13781.76702877297
1124,17771.723147675744
1702,15362.302771644958
2434,380.0492905115534
1432,-810.7123418292613
689,9084.772706476506
1349,3223.1609253961797
1759,-8495.393634648062
893,13215.549118934665
944,5715.510027859142
2109,-3405.3717617974326
316,-1937.6550924321054
2529,1564.2005450932484
1448,496.40001821686747
871,-24959.206519749307
142,2774.1832783574064
1515,-2825.9515071574424
1970,-31026.502214217908
572,8655.988234524266
2200,-11094.792979625461
2147,25025.92058033019
249,-12032.1998737455
162,-11647.127603061323
664,-5887.031047529497
1516,19136.95283945519
16,17058.970637603896
1808,-6114.20474875276
425,-11948.16287891951
1372,3264.4234949818056
2495,8154.276025074316
661,-4473.654268613958
1301,-1530.753826085449
396,-4182.098324904597
2663,-10316.80010006827
50,-11586.883448517969
886,-1730.7715958691551
696,-34398.222271772975
2454,-7977.56107761641
2106,-28552.506124115607
353,4029.876785351953
441,-8815.410142462933
2270,-11650.581495657912
1924,-2513.0366786704253
1402,3327.7558721097885
1070,9453.957048324693
2696,8460.887256358837
1840,-16798.75256072692
1562,-31774.378615495225
2426,-5134.819130928721
1162,-1990.3145266209904
1874,2020.3511438787828
111,17479.795427862
1207,15241.545038184864
140,3459.2261436932313
545,-8652.528890294663
1338,-1562.6489773227368
2873,4337.204127562349
924,13379.193846870738
844,-17731.52428520011
901,-33089.10882739804
2195,31190.68051412629
2081,8566.729591586729
2774,17278.867390823114
2573,-3204.16872650804
1793,-13499.205999245489
882,-11737.103369329649
2791,10879.000318369566
297,-11598.283103693044
509,-3654.163019809377
1115,-9182.226728516864
773,2822.983330556235
732,5522.509000144986
1552,-6493.234757112863
226,-2882.2127620491083
2830,-16084.777729440859
2238,-7871.868511589826
982,-9511.839226947399
1265,-7848.094614601665
559,-1395.8131074911216
1203,-10159.453657316713
2083,29419.168367770035
2130,5001.541804675711
2455,10785.786660389422
535,-23665.396484258294
2019,-5821.56079630967
2655,-5397.616899205983
2391,-14396.556392534985
154,-1115.0385905732983
999,-41432.92996588626
1400,-22195.620796398376
2807,-17912.373659878183
516,5240.553515949461
1753,8143.353617364017
734,16843.307397969533
1209,10514.976799545751
1994,-36919.43722474808
1901,11083.145930289844
2413,-1367.055280226923
2630,22392.205698619073
1428,-9815.713099557877
1271,8939.814585934713
2464,1832.2378841047175
2653,5169.818159719085
1505,-1147.0617246960755
2110,-8733.673999694089
2386,-28299.994379832933
1086,3745.128921791882
1574,19737.54390535981
406,-8555.125107143438
2757,3804.7108166692487
2559,2156.7680044365407
1469,1702.039427315758
407,2575.4859580832563
2300,8940.444531288274
731,19306.090645444376
2230,-1683.8576118872152
1688,52043.48342875176
880,39364.304311041895
1074,-26931.254922742315
771,-1393.0372930572194
724,-15606.5239381984
730,13962.710621070873
273,-13318.865252208954
2793,261.875006280723
1789,-6887.0959923302
1900,1076.3603167759284
677,14241.792501399701
747,7439.524669310398
1038,-612.7045481849636
1763,-1398.0403399872303
1283,5292.114028722659
2803,-3975.8310430638667
1927,9484.134481304369
1036,-1429.9294100858388
1237,-5183.26481001277
1375,20332.79468247843
1643,15852.788678426004
2453,-21229.50603318354
2129,4900.318694874586
2640,10797.43553120023
2437,-12394.189267800568
1123,-28403.3132859178
2398,29203.028268636495
1420,16836.978878076043
2693,-5251.085276629543
1370,10716.511569974318
392,-25479.763770422665
1351,1776.1200071882922
246,47239.87335960989
802,11983.142474277352
1404,-5649.252168834879
803,7590.952177990403
1595,1469.423677688319
1319,-7407.843178959563
2231,25131.467234214477
2162,3450.9568210020952
2622,-7771.635162202612
1300,20055.579771259436
2505,1887.584187911154
582,1954.2844235199445
1458,-12593.392645898042
281,-13061.161688409018
1499,-27418.867627685628
2298,-1110.6752933754178
2580,-10923.143083007832
568,13789.14926660023
1807,981.0843263615388
129,15827.472860027454
2294,-21640.73228678861
1860,-14824.14646396038
839,-11894.218993651419
2349,-7848.731239608489
1903,3770.779206059451
234,7792.814974739216
2172,-10924.890644769359
2588,3713.3495342484675
1289,42284.30490204677
1596,3875.9046039406094
264,29634.136188454286
451,4536.468924168876
536,-334.08143697708147
43,-38162.98635233031
2223,-26024.923058697226
2009,35464.23192051012
394,15641.01346729655
1738,-4800.422150295548
1196,-3925.512092320423
828,-2089.9576105811866
1694,-4481.571738708939
571,10621.793550474918
1192,854.2762690235104
1806,37078.832334783976
962,-33438.82253686915
2142,-9867.307874283812
1648,-2652.5486533821677
618,-638.9607150379452
2108,7103.666966915742
772,-20320.008105735964
2672,12426.870099476248
2492,5194.243847620004
2903,15508.857310836727
2783,4706.388649991946
786,-1295.5722788820276
740,-7411.20429771363
2546,-3746.2160766753077
851,1992.143938283698
1833,-10511.023231094761
76,17415.02989780024
2151,-7392.709448447917
1880,618.3128300130629
2907,-22476.61588269344
1831,-7474.234484607878
2836,-857.9344869779161
1955,-2694.2260746858083
1926,-8.743506441242062
2924,10371.6097634896
1003,-10350.905329956324
1667,5173.985409349858
2905,13988.992091203952
921,27880.79349172357
1780,-17581.356363486586
746,10358.895270383975
254,-10442.888006636116
606,846.7401813121687
2703,20703.40195650884
1306,-9558.781418684855
2102,2727.3789405099524
1784,9901.750085286534
941,-15739.387753711257
2699,9051.726384872876
2127,-191.20886771583173
2607,2635.349292429397
1754,-3361.2161539549998
1367,12966.905864246452
580,12540.046210075088
341,14119.8245205282
26,2091.751680163812
2667,120864.7128941943
2884,50077.74704697344
28,14178.025240542542
531,-14035.971674287226
2189,-12665.685080111449
2508,-3789.546483102982
573,-19572.668900678545
1363,7390.064885944041
487,9391.194005946483
1083,-1584.5615139104775
1620,8338.348272342613
1929,-25112.077463100082
1820,-6657.244564749446
1398,259.8301211753278
2177,-235.4407003959641
2144,-2917.2727338081895
2697,-8618.396933639451
1403,46353.99429002151
596,-8846.410858325165
922,-4562.347818330105
2065,24271.64531268389
1710,16568.85746135813
1034,-10039.533653701423
1057,2892.724976502068
470,-26679.836469563365
819,-23115.311896119616
2160,-8194.084942531917
2552,-3674.1335005712754
41,-5578.060528293805
742,-6935.48173005649
686,1302.4544571583974
314,-8879.912424880313
1630,-12122.274236790516
191,9768.004102570078
1626,-12827.996820842614
59,5558.119848464121
2632,5887.7765016321355
1835,-11796.81561452974
2675,13.821240058910917
1503,16799.598437939247
1963,-2931.7588357451605
1352,30205.58362449103
1519,-20273.915067259368
1305,1782.4928512471524
2014,-21788.32837223733
1,7680.371130658197
1052,12781.245320371178
622,3132.7941314676427
913,-14987.211516282841
1058,-14858.010960466228
2348,14588.725938871008
1527,-4221.241565712524
1011,-25534.706177721557
1332,7835.06112351206
709,-9741.438361334098
209,13861.826146034495
619,-19497.36829688205
2150,4430.387098632898
2704,-7345.024509371084
2839,-809.1120964653092
1242,-6299.969682073686
2714,-2369.8407783506264
799,7676.41443222473
1260,14392.43633653254
2107,-2295.491039642773
2486,12590.487992010894
1911,-20580.115885125793
896,-7155.352274297038
272,-1464.3166163165588
2521,-3853.61660566114
2324,4073.952139754634
1953,-13398.942998795246
887,2221.5253649170627
1479,-8314.072614116682
1317,9642.599242562399
1750,-9123.278782633104
2815,-8234.98634690835
2692,5742.847523280798
1090,-5257.1809853360755
1912,14377.12588784154
1634,-13043.152589972684
1974,-2.5469448867515894
1764,5088.757700264163
634,-2869.6171871264232
1683,91.7525292574428
2199,-131.42020387054072
2789,-5671.88968579215
1018,-20558.902443131723
14,-27139.27961104922
2782,6741.525492710527
2626,5653.3473970086925
1175,-3387.38799133859
1232,-20137.22161091742
2590,7405.056985715899
2463,-4157.225140611292
2358,12929.420894940005
2911,-15741.41620875671
1699,-12654.106986069935
115,10312.844637364964
1998,728.9834383695852
589,-20183.838983619004
1641,133854.17735495523
2821,-6744.406602266943
1846,17659.74839753509
1805,10461.12411822629
1853,-23919.859018767835
1321,38252.697164610785
564,-10508.21261638042
1771,15760.835033940442
90,-54316.347294180276
2684,-6481.588420989967
13,14502.046361345245
445,21622.414658086083
1914,1757.3139196793927
2811,-14964.877495383378
850,-7728.016287645965
1844,6702.325794776902
2225,-9818.56113148143
1477,3311.7561550320825
399,13394.271411372407
2431,-868.9609126475989
1605,-3016.0866573275416
897,13754.05008870746
1426,38752.867237100785
2240,112.78173193111434
1706,-9107.314532748424
2252,21918.330454603652
1136,5000.02180869595
1877,11549.336208188732
424,99947.25928708189
1182,-173.6049205403251
2750,6027.864277202956
1016,-50562.78951767116
2436,-6815.926501707436
1607,13610.517879936873
2337,21.998692335677333
1233,-1238.0502657623729
419,-7531.9992857360485
633,140.71133677184116
2722,-16491.084651075857
469,-23558.331906164996
1365,1138.1747467066743
1098,-3516.4367234749952
711,-1317.1856525259936
2808,-22756.174762396433
1959,-22881.765851884003
2720,-10610.306017293246
2170,-4084.355288094521
603,2487.3483690562425
2113,-2564.8019136638613
1146,7613.748862481851
2105,9779.343462989462
1786,-5514.6222677942715
961,-9411.22392481356
1405,14177.631352730634
1324,-510.6093355948833
1986,20905.058829384143
307,-20980.147404055053
180,-17575.38742561583
2896,-8598.788100554753
668,-7181.46954744024
1582,-6885.279928289703
2285,6089.49931348137
2079,27868.718365366454
2272,-3042.69448366249
2250,-7138.587571825425
502,-45765.911749731225
2166,-11911.51879736947
1622,-10667.731737436
1299,-4821.746960643912
832,-3275.9959574649984
2470,-21930.615963948367
1017,-17915.250551989768
1384,-4936.123303010332
1790,18336.55801309808
2530,-5229.843502065603
2893,79731.85272148487
2027,8306.701736656454
683,9706.881787209742
823,11905.710107958585
2374,3757.633284940268
1594,-854.0089970888803
2049,-246.02606801509683
1813,-1230.5014391058648
365,-12475.836084012553
176,2024.6565807181905
510,30307.59616531775
1326,-1045.2697894608573
2423,31705.383666479232
1631,14185.314864065353
1263,-6043.502345031593
1046,5058.495563658813
47,18711.916865721287
1424,6491.616453001625
429,-31290.355333428422
1031,11195.726511286048
1635,191.2798862978234
309,-16123.300477581244
1020,-4289.9663372210925
178,11151.483237555964
1975,1795.6340200210689
2096,-447.0800226405845
865,-24081.98899614165
385,36600.68389380808
1362,-6433.745403159526
1091,160.68373444271856
317,1654.2221443770104
1076,15099.344767732226
1573,-12115.4388156723
485,5924.36215473467
2021,-9434.38904518634
2032,12398.612609046962
2604,13036.870274975168
1615,-24247.277676630707
2736,52105.29206365577
473,8140.800212388218
1316,20369.05546114134
244,-20465.143544818973
152,-5000.82411808637
1588,57736.18861286563
2111,-4080.0342554211384
813,7613.488689497841
1854,50233.29889141323
2575,-3035.456184119801
867,-41059.9216567066
2879,4203.615430446167
1494,-13667.343918751838
2771,3702.0212455178553
496,38133.641436144884
1651,5624.863612126297
1913,-5.833860367099987
2790,-1771.5293782309745
1541,1375.1354575967998
1684,4882.170749577577
301,21444.778479924076
1569,-26470.309350959593
2153,-11228.623018096958
1467,-10179.690007845376
2540,-19794.35305975683
2368,2923.5375840134657
874,-14544.347178777069
463,-11841.687990758655
784,11025.43305143468
2149,-13582.534888623253
2069,2124.4378340037074
1743,5090.228839028801
472,-9841.488125047035
1921,-3403.1129891989694
2778,-8742.69161712905
526,-11191.899300399295
2795,-990.7512812466593
478,2451.6693007963186
2841,-2613.218042307708
119,-7812.005906258069
1960,-1863.4629158410098
1277,6485.735539092711
2466,12258.996404446283
2844,-14501.924290192554
1028,11030.476136545069
1043,6654.084990970368
231,8975.269863691705
461,-25379.297853351338
33,-6689.431780136481
1795,10444.088610063714
1073,-9275.02662232687
1576,7976.422830012074
2044,2223.799901389866
185,15577.391319154442
1828,43076.004902503744
344,-41750.176819522574
2152,-14349.815690585994
1752,-3711.905094869173
2637,13775.186069317031
1000,16020.131426300039
727,-32975.8536950015
2612,4405.488559270831
2422,-2774.5791954473534
752,30470.60329638637
15,1938.797003768239
2319,1.3431503134488594
2681,9205.85137902075
1006,-1136.9791985914344
2596,9935.691243770416
2002,-34812.84817336814
55,4866.05597942436
2104,-45203.444458207116
1682,-2811.5344107292476
977,-1822.269408926979
2548,9971.087715534086
340,2081.14010485413
1487,-5856.569420848362
1423,16420.643910762796
1342,-17454.22412937715
1949,-2037.3862588762277
2444,23417.87328800792
345,2639.475760458852
650,-15950.302151478434
192,-13284.233477328118
1945,-12609.081040398538
2277,-4103.568082990125
1266,39288.97173315502
674,-20747.580717368022
2823,5301.445366982982
2772,-12871.554916227615
2015,-5741.466881524306
2642,-1262.1260614229832
144,3853.5452030744927
1712,-25993.66149007721
1708,-31348.3533444021
2890,-25476.687098426366
1157,-3709.5182054588804
2550,-4988.688875745487
1104,8552.435624260572
2183,-4166.288626367226
2887,-8156.180769184168
29,7956.432325254718
108,17051.51334964673
2286,5242.94260275994
1533,15333.942391686025
376,18746.908842208242
800,-4875.716021850181
1395,-1077.6633929446543
388,2104.664345559315
1689,352.3203327973024
716,3557.2758353224635
2737,42415.04803080013
120,7717.4280367800675
1230,7155.268387973076
2047,18253.86057623157
1293,-1088.4842189512274
1915,9195.650234455505
1968,16843.126708084732
1766,11110.093290335732
268,15290.545189759316
729,22234.302239606506
902,20996.774665469144
993,13180.669983141619
766,11862.319697820865
903,-25792.091157494084
1221,-18560.753283405516
1719,4443.628347004938
1521,12424.18081710802
2707,-15252.39120728425
987,-5357.292420112208
2558,6402.907346429842
1778,16283.041560091951
2601,-17780.47162915973
74,-12587.231673494796
2190,4348.624856966591
701,4446.575212693075
2556,-5686.24272208169
2293,6496.191284930421
787,17243.284783808398
595,-13364.235261845926
66,31683.615496132465
846,5777.264824576647
594,15257.171255296009
792,202.59259370347718
1200,-24771.69993682328
768,-20532.590004803802
174,-4517.820506030403
1889,5377.963158925413
1023,-8564.2967628857
363,-2741.1671601226553
1401,-4254.034418298223
1978,14576.285503193256
2097,44451.75648963492
2840,-3762.125783989686
862,957.688981125073
507,22699.89416851211
1262,5995.203849931713
1228,2567.61032069067
1288,11905.98926843646
1243,-5351.940041096299
1850,2062.2068942416226
1589,3976.6937600739184
1658,5393.685511612799
446,9531.347942737397
1097,-4809.432342273707
2329,17251.06611239433
1909,-15132.70057311232
2608,18066.326591214543
656,14057.872021016898
1690,-8573.495338623063
2853,-7773.347834547836
2229,-31341.111507446913
1127,24509.48111173068
2606,15139.839570612472
1268,-22420.290977495068
2809,7276.498484287586
529,16467.673169765912
476,-4836.686509799736
2566,-21317.922492548416
1902,-1988.1095267488126
1547,-11928.845880295019
1185,-9932.509182817885
2372,3630.143771041956
2282,-3803.995421895408
910,-17198.61307935603
1128,-3082.4116605426825
1659,10931.485174391797
1852,9758.797191278834
456,27419.191695666756
2410,-31867.55986118884
1296,9147.10607119117
2682,-12254.307700808655
237,5486.075933754793
1666,3867.5645938549133
2666,11699.469695614447
662,6538.076587740623
2490,-13006.50555265334
672,-2646.0488063393277
2915,464.7846559106547
452,20600.580665721936
321,-21994.968081882544
2124,11152.128425481817
1278,5383.552948990531
914,-23213.472908030497
579,901.3538667226676
1418,1632.3075975020765
1166,21673.651880769146
1797,26663.394831651705
2568,-18326.24179418679
2075,63943.20514256068
2445,21136.250513493025
229,50199.50860396889
1663,14102.967942101706
2727,5493.379894403013
2226,2475.2572408217384
130,-11995.666063034325
1675,-2779.2193330361624
2038,-17808.47608935574
2416,-18703.99649702321
2507,-3018.9965184015164
269,2853.9163337881328
981,-3151.536006022594
2296,-9302.167823007185
940,28075.831902596823
475,-1923.963306513353
2404,-38189.44596023581
2491,13533.328122659397
601,-1327.1582232823857
1640,4781.9242847824935
2926,-9834.47035176857
653,630.5174840053514
2406,3001.9604075162206
2701,-6952.049010171497
1472,-37215.33005010776
417,232.63577990062186
2664,8867.939289674716
283,-10818.218071777475
302,12602.212024211593
2053,949.4029641735542
2662,-12325.831234014186
99,-2251.934515800589
2674,-8290.522979923728
1218,15020.738289781337
2547,-14201.339509370882
197,1668.7608674329822
2091,-18304.504911362717
87,13373.767424489488
690,-7891.62831370192
2364,3915.3172398787574
2050,-1563.3074675459065
769,13504.197795066924
348,4927.813456032483
200,8125.868205129707
2759,15365.49957981368
1700,93172.96980623621
876,2457.2819191445597
2536,5809.790731637884
1821,9874.384565721222
2743,10357.739598193584
1329,-41199.31865478659
1451,-12407.847114669843
936,-2967.2462578403793
1948,3208.0849231911707
1839,-11525.379101996106
2057,-10581.948230099166
558,10715.363333269313
2731,-26298.651172329235
791,-33288.85201212794
1421,357.40034217369976
2881,-20252.58137376258
2820,-5605.577295981755
1609,12489.103212912814
1495,-2851.4619269949326
2388,-11711.525792709377
938,-31967.75158510229
1194,-359.8123899339116
2429,5694.463609585917
1937,17958.511985755962
1847,3938.2482474339486
1550,7653.116342723675
2705,-16570.515938392055
2713,16780.099312168662
1938,-6511.822442106335
1819,642.2147409681493
23,6009.328439240839
2289,-7201.661111102469
1156,-216.5656530330598
2717,-3846.3065407651884
2101,54850.30877877047
1377,8466.893206343811
1381,10880.811673132994
2502,-21446.755502251268
2609,19519.354617237725
505,-30081.41719417268
1126,159.54595275918837
2914,-10407.73319641588
393,3077.7217786183755
2405,3250.739299398614
67,-21125.06285828125
2227,-23229.039058821974
669,36567.26695455126
1772,-5280.686156469514
1775,28575.181265674124
403,9718.146366234287
2792,14396.702753088699
1247,439.5007121395611
384,-4636.942342647206
91,-35073.657608480426
863,-317.08678845484974
1857,8467.879955370532
1870,11359.48486963712
2318,-1410.3308066608151
2100,74553.08095743158
1213,405.63782784566865
2046,-21606.709937233536
710,-37092.478577491114
2268,-23327.19158982698
816,-46281.47994317551
1616,12994.423734810349
2233,11810.77966438308
439,-4255.494229168224
260,-17648.375685111765
2523,11250.415096942044
627,-6250.9395219256985
251,17620.74517148538
2163,-14705.292210460058
2819,-10656.34687792632
1025,14007.674679702817
2592,4589.289206976362
1491,-10250.899248894653
2742,-11541.713248691289
2497,636.3970647022652
495,29428.84969391965
2528,317.57672141565126
1033,27125.118137491925
764,18761.354415420676
1165,-17748.264716193808
2037,-1630.6247358300898
113,346.6210756019864
1572,41757.392542005866
2052,15009.4280483537
2702,-3245.086436306883
1981,-4694.833715707966
2335,66687.57271796872
563,8984.40009020589
1502,7018.289303308935
1310,6767.98529517361
2598,-7500.664692251652
2715,1330.142358652898
1810,-9773.428517036926
778,16231.862883442052
339,12211.776415696979
2460,-16961.86856829989
320,2789.4247175354103
2461,-7985.078389507777
2449,-11987.96629001887
817,-32772.34597859165
1096,10042.772561138845
1893,-20977.59113899432
479,-6503.218420834484
1657,-7138.168927056453
937,-12398.862666641275
879,-1298.982208036643
945,-71925.41852952406
1010,-36220.58930642906
2861,22559.016326085024
1245,7501.578374266304
854,14577.765683077305
1437,20277.299003631168
586,23905.013951388595
1947,-3936.920206430499
815,-2430.179195613513
831,-16721.90517343118
1919,-1083.9293677736132
2306,-12753.396855602652
430,25431.098666533828
2618,-45097.37413308368
245,12131.04234120861
462,40225.733636631485
182,-40836.04787803025
1625,3885.3889914141037
2381,-25705.307891613513
1827,7274.047287873094
1580,-40131.70806876526
1803,-9016.788682231621
1132,-12882.685308034677
1941,4384.765102902049
1742,-14598.119847923372
2026,17080.475438395282
2245,17307.154971704324
1691,31362.26290563919
725,-60.62681216499186
1787,-29523.088780610327
1216,1275.9870913577906
2654,-6206.102286495196
2310,-25702.360880188615
761,-12300.394212084124
1884,-8258.231375257048
449,21451.84074592596
856,3286.0508626704395
11,3784.92996525325
389,14980.55791109
2415,-6851.299626253021
77,-10761.303711364424
1238,4509.851616793574
223,8980.20841155907
723,-3875.6010848224396
2562,-1931.7427187134163
995,-1428.9417987000197
287,7389.790696262498
1152,2340.9323199430073
1449,3882.371747941477
1330,-12548.18797637675
1134,268.69470185850514
706,16776.60553652674
1617,-3617.524759083608
1339,-19601.53355567428
1664,2289.6397026580817
1433,-7752.840096316853
75,-35606.194160192885
2255,-9090.828634815523
1170,37448.52259309444
45,155640.07209037308
836,6883.983546100499
8,3928.616715625103
1704,17236.23773690121
2068,-6411.194885686855
1488,684.4879011660232
1391,-11319.878072439198
2633,-17544.17057418902
1872,-1617.0823067178717
1138,-216.3903103658522
1899,980.4596899204334
915,9805.260620839981
660,2442.234358105401
2004,7928.272335207395
443,-1778.832127261092
2627,9010.524860678895
1438,-13195.157163616852
1525,-21661.240406074532
2644,2208.5379923761793
866,2559.814061915502
620,3032.802485467051
2451,63493.55958241236
2186,10751.06206549266
2025,-21196.9707763325
1916,-13913.296802836645
1542,-11304.982336329587
1163,4518.768874859321
205,-552.3772416858847
2261,7342.332522714394
423,16531.834622877417
2687,18548.358087740722
1436,12813.073409567412
444,-20201.467794415075
1067,13814.176285999245
2290,-1987.5746478349465
168,1907.8302168179653
2643,-2604.0945379503682
2802,-14831.877704702987
1224,-2214.011303906387
1382,-1231.2831081951445
853,1527.5689565208304
2237,3943.986238892423
2585,-3095.169007616263
2193,-20986.31326394467
2262,13927.080696291989
1528,-5576.248164612145
370,-12028.182334375626
2629,1789.164545241103
1703,-38171.34360004356
793,25029.693609365262
1429,-11895.637937158608
648,8527.10094650452
279,-6330.162708475022
1705,-30354.169506312057
1257,591.0590101754351
2894,32556.81033015193
1062,-23442.974485282146
1729,7789.563497668714
1925,171.15773154745693
415,-1247.840076175984
78,-22548.222124239517
428,-1445.8940447592759
1756,-1401.9366830071667
1280,-2052.6782903797284
1928,-8942.260792321118
2671,4821.5381788094965
2501,-57337.939455969725
225,11626.246565410547
2317,10043.283227774198
160,-9015.278197894106
100,-23829.50977906899
482,-5274.63675594551
177,4394.374250198205
1971,12628.668190709373
484,8027.008749625587
1561,-9523.29905404168
992,7163.989878041059
73,10914.711878656643
2646,-446.9484092416242
994,8041.184476847702
2138,3868.348087004473
2013,-4384.284770591723
2126,-11331.6919685732
898,337.94398141661077
1048,-170.95616997595062
2676,-5207.310516602491
2498,5814.165072595395
1560,98897.65114492615
296,-7049.772396971355
354,14019.078300069727
970,7058.430683173792
884,2931.6702547804744
1894,15163.840365704411
450,-9200.542661202839
2031,18830.04489805631
949,4722.087202372466
1907,1773.7634028283355
1906,-658.5940819816024
549,-6968.257844695268
243,9190.441059616758
1697,87437.69261479843
2365,-4988.510846665566
310,5469.440620783338
1961,-876.2368127438094
849,14951.53942709451
2018,4619.612305519433
1328,7925.251441319255
801,4175.025099709252
400,4914.465912261498
1650,-8024.726700691826
1084,-17215.670117696485
1522,-823.1821461070504
2496,14792.421542019496
220,-33864.91710913999
1254,-2763.925283250108
1443,8520.395605819533
2885,15561.161205342098
2920,-828.1886637201387
1197,-7655.841991362307
848,18040.36145786976
926,-23293.73429200973
2158,10241.868489519693
1555,5469.9108853641665
278,-29973.51499181922
2522,-15538.699573587015
434,128374.67961437226
2683,-9991.973249311428
2173,-21646.11990360581
894,12104.783481660183
1066,18654.808748363517
1261,2410.425267635321
537,-17180.78774947932
2301,-19943.886895719508
2854,57.75137378880754
2649,9656.749659390276
2776,6270.629397772398
2403,3934.632429420948
2355,95.72187404739088
1983,7094.930832474856
547,-8193.225225124595
1842,3106.6067800884484
2748,-24054.588154595956
2425,14375.794698324753
2837,4317.294845671815
2456,53178.292762909434
2114,29398.142184180004
1890,-1450.9929855329974
621,-25911.09997427705
1427,21294.989486184088
1728,3415.068982126366
2472,-8757.481613472803
610,985.5960569568269
1950,-35723.85570975738
94,29676.485732384783
1745,4667.089330914459
744,-3099.7394897143968
1859,-1648.3471304339182
2343,-20898.595565202617
1713,-5235.257073536108
1816,-12058.696281307348
2390,-8315.070219255053
364,3777.934855996311
684,11209.294094397963
32,-9912.356431419626
1698,-15901.817158053338
1129,-6369.937391292187
165,7155.615004069885
935,-4625.879252295126
1802,-4330.447484269418
250,10001.520233011397
2668,-1404.2942784783227
236,-868.3239958915074
2117,-30732.587667974818
2029,25645.523434106843
636,4259.934881678055
1155,-6098.201632416196
739,-946.5918957066315
1608,-16428.849321999267
1087,4423.736919719435
1774,-11115.357123495778
2816,-34762.429504209926
2194,4495.370763033308
523,8175.745921997237
2767,-11487.57903128612
1837,-25639.537198337814
2284,-1974.061663323373
1434,8965.893013630965
2794,11084.42061180179
2625,4632.119841151623
794,1481.8282541104127
708,-6671.783109480879
286,-12933.434552826831
62,16867.243040938338
1647,-9695.528853884025
2054,3441.225813264973
1102,-18255.3129914499
654,-4341.271484452038
1089,11897.783504131658
604,11410.539437708241
2838,-19514.665304607173
2777,-4177.3661802704155
1723,-14142.109079365502
349,5324.381077153637
2313,-3907.8435233396303
2279,-18306.53620307098
1346,-12235.220612374425
2770,-8966.079524210945
2923,20449.08736212706
1619,-14099.325295906572
2178,12761.851736830198
1160,-411.2126105290081
1755,-3417.695221324422
2412,11057.385682596127
889,15944.23291864284
2181,-29155.24540470494
1186,-20861.28640547651
1613,-13747.651663026627
411,8333.55102752478
810,15308.352764055657
548,-9284.694495655
2179,11511.083902576269
2746,-9252.237089051632
1486,-10117.123474066524
2168,-2281.6783483956824
2061,-3797.239974177224
1131,8391.74175363779
2738,82224.10468548513
929,-13956.117828808841
362,19102.34591669924
652,-9573.761423404329
1466,750.7185244168795
2087,-6345.708446239296
1442,14211.009162880655
2744,-4418.385032307633
1511,-9926.7417711069
2175,4744.363856688957
1236,-8781.89569172918
2448,4529.1244573165895
60,5448.776069956657
346,-2552.636650996341
678,15043.793098929978
2481,-3266.7228256791714
2729,-6693.955669554416
453,7056.737224960962
2234,-2463.710577145699
2007,3816.0581146842014
20,-5450.488999764173
2217,31444.98253974755
232,2531.9576727780222
1982,4320.500929870512
1570,44652.03636715838
195,9343.739434690375
2307,8524.14693338552
504,-12775.444464655186
1644,-4924.138281064574
939,-36356.74877482015
1591,22520.367767957185
2001,-1968.1653437396453
2379,-51993.00423753995
1100,12298.373176732217
1118,-3361.4734578863136
1593,24210.10102509233
2338,5036.681482085289
458,-11216.607475486875
1454,-8128.896436974697
641,1182.1015290307405
644,-287.5803863207984
840,-4593.428980015335
1307,-1855.1716498028836
1809,-449.50717242938117
56,-6738.23290550473
1905,1913.5742002606567
2060,9336.528765374896
1085,5085.666870394256
305,-16134.145696503692
671,-12643.654413271579
833,45239.60873963375
2891,-32543.19592008533
486,26891.754856391577
334,9512.105783656196
1804,-12983.428017036465
2690,-13929.224038460947
299,-4216.386941135512
466,-8582.927888564183
440,-33063.70564037672
378,-11837.230580602423
513,22159.37541665134
1597,-1360.3043320716824
613,-9228.776547466026
2798,-5450.043122731033
239,8076.760583008858
1080,-3809.177476553363
375,-36939.67900963419
1638,38018.36124591075
2593,-15130.672606648528
623,-8606.183335184614
964,-28615.082482009806
917,-11885.845462184341
122,1522.553436423128
2443,48131.763273128716
1354,10786.734205803776
2058,-14250.91522649373
2326,-13830.527405017987
1222,-4613.555262733455
1251,9881.414389365484
65,9784.678328464826
498,23367.732787247165
749,-2711.123717203067
1782,-20236.35595110047
477,5219.332168546272
2826,16182.269929308211
1601,-6868.940685607842
990,-10618.597008107725
1791,34132.43415198679
2131,7982.653732500941
371,-8399.088358659414
2377,-1667.9701590440818
1832,-13601.825695406646
561,-4696.8728955625265
1063,-18413.58408403385
325,1859.8136289625254
1577,24341.025498001545
2851,-379.9808103737014
1410,37520.76685337993
691,-893.02534980567
2691,6305.337238560678
2780,-13788.540273032704
374,8394.85111279742
1995,-5558.425386921037
602,2793.2454499880696
1422,1334.952431935846
1056,53655.016191140516
1151,15348.790584835602
1843,12257.142077732162
2595,50.02026978037611
1041,1258.0703599908738
980,3543.5338025632227
1871,-1096.520004378457
2363,-4703.310437573091
2880,-5919.350676686292
1217,-15497.167402356252
1715,11360.277478471224
112,2118.2998809077253
454,-8788.488115558954
2253,5632.776720731781
560,-758.7159280632477
303,20764.095691501527
1004,1363.7949359415506
2167,4780.7906079591485
2440,-11811.514355962048
2810,6684.237703338964
2872,-6786.955629177246
1072,-24109.04730354296
1654,11679.812266530353
2394,-5094.816149871971
2212,40195.41503695151
2628,-11677.419894752107
2526,-711.9616594196414
969,40374.660068079305
306,4172.04474991771
25,-6313.5249379273155
311,15305.865423110256
300,-21648.269530981488
2775,1812.202393790445
2862,21452.909516679283
525,-4356.131081052474
2730,11314.138476767053
1892,13577.097502782912
2288,1420.2936367177463
2728,19180.437586149492
1065,-23945.447461378935
2842,-5642.394598695755
2011,4894.868444383785
1140,14375.411947341141
1051,38538.97061706084
1587,24421.695508813253
785,-19914.48180490482
916,15256.248027547088
639,12419.545649024309
10,304.37576177940355
